AAL,11514297344.0
AAON,2815354368.0
AAPL,1430315728896.0
AAWW,602274560.0
AAXN,4757961216.0
ABCB,2853826048.0
ABMD,8546731520.0
ABUS,179071072.0
ACAD,6228770304.0
ACBI,385454752.0
ACGL,17995675648.0
ACGLO,15367311360.0
ACGLP,15623412736.0
ACHC,2880283392.0
ACIA,2835132160.0
ACIW,4043652864.0
ACLS,788805376.0
ACOR,102784632.0
ACRS,56093696.0
ACTG,124703616.0
ADAP,448536352.0
ADBE,172384321536.0
ADI,42016477184.0
ADP,74664198144.0
ADPT,3869854208.0
ADRO,113525440.0
ADSK,44266233856.0
ADTN,454828128.0
ADUS,1541498752.0
ADXS,36405420.0
AEGN,671165760.0
AEIS,2799740160.0
AFIN,1406055552.0
AFINP,1133731200.0
AFYA,2610661888.0
AGFS,118731904.0
AGFSW,
AGIO,3629447680.0
AGNC,10080007168.0
AGNCM,9214430208.0
AGNCN,9063671808.0
AGNCO,
AGYS,839640192.0
AIMC,2217052160.0
AIMT,2047188352.0
AINV,1171204352.0
AKAM,15432894464.0
AKCA,1885500160.0
AKRO,689692608.0
AKRX,182911712.0
ALCO,278894432.0
ALEC,1837505664.0
ALGN,20934703104.0
ALGT,2703385856.0
ALKS,2814130432.0
ALLK,3700539904.0
ALLO,2691596032.0
ALLT,333901440.0
ALNA,59837532.0
ALNY,13103419392.0
ALRM,2218301440.0
ALSK,109203896.0
ALTR,2681469184.0
ALXN,23941474304.0
AMAG,339158016.0
AMAT,55110451200.0
AMBA,1968073344.0
AMBC,992617344.0
AMBCW,
AMCX,2047875328.0
AMD,54881464320.0
AMED,5923685888.0
AMGN,135664091136.0
AMKR,2879793920.0
AMNB,390713248.0
AMPH,940637568.0
AMRB,90096664.0
AMRK,56040656.0
AMRS,292261504.0
AMSC,147709392.0
AMSF,1290996992.0
AMSWA,489524544.0
AMTB,790855360.0
AMTBB,826254400.0
AMTD,26307592192.0
AMWD,1934973440.0
AMZN,925966860288.0
ANAB,386381024.0
ANAT,2995771648.0
ANDE,747518016.0
ANGI,4349219840.0
ANGO,533908672.0
ANIK,651255424.0
ANSS,23944683520.0
AOBC,525832576.0
AOSL,321767040.0
APEI,372093824.0
APLS,3152106496.0
APOG,876881408.0
APRE,715041344.0
APTX,177402960.0
APYX,263436816.0
ARAV,157122400.0
ARAY,382280512.0
ARCB,651191168.0
ARCC,8097461760.0
ARCE,2607039744.0
ARGX,6352712704.0
ARLP,1173338368.0
ARNA,2239536896.0
AROW,531965280.0
ARTNA,362884192.0
ARVN,2028326656.0
ARWR,4446653952.0
ASFI,67713608.0
ASMB,554543552.0
ASML,125757988864.0
ASNA,52753044.0
ASND,6530299392.0
ASPS,291502592.0
ASRT,90362720.0
ASTE,933304128.0
ASYS,94693440.0
ATAX,478036928.0
ATEC,403143104.0
ATLC,219479328.0
ATNI,915417024.0
ATNX,1101959552.0
ATRA,752693312.0
ATRI,1322289792.0
ATRO,850865344.0
ATSG,1256604160.0
ATVI,46333759488.0
AUB,2734440960.0
AUDC,656738688.0
AUTL,466917312.0
AVAV,1603771520.0
AVGO,127231623168.0
AVGOP,
AVID,377111008.0
AVNW,74891080.0
AVRO,679593088.0
AVT,3888581120.0
AXGT,87975960.0
AXNX,1039142208.0
AXTI,176766016.0
AY,2869240576.0
AZPN,9596865536.0
BAND,1720304640.0
BANF,1938445056.0
BANFP,
BANR,1859604224.0
BANX,143704624.0
BATRA,1493348352.0
BATRK,1494979200.0
BBBY,2061846656.0
BBIO,4225029120.0
BBQ,38857640.0
BBSI,626596736.0
BCEL,537104576.0
BCML,291220864.0
BCOM,189714592.0
BCOR,1130587904.0
BCOV,344939136.0
BCPC,3505112320.0
BCRX,456014656.0
BCYC,199438320.0
BDGE,622236544.0
BDSI,534304704.0
BEAT,1783241088.0
BECN,2286191616.0
BELFA,201903408.0
BELFB,218465280.0
BFIN,196633456.0
BFST,333446720.0
BGCP,2050032640.0
BGFV,84736352.0
BGNE,12666714112.0
BHF,4318907392.0
BHFAL,5593860608.0
BHFAP,4600866304.0
BIDU,43939123200.0
BIIB,50678935552.0
BILI,7344290304.0
BJRI,790078144.0
BKCC,344869888.0
BKNG,79483977728.0
BL,3337245184.0
BLDR,3044040448.0
BLKB,3966399232.0
BLMN,1812876800.0
BLU,512575808.0
BLUE,4608242688.0
BMCH,2041873280.0
BMRN,15555523584.0
BMTC,775667648.0
BNTX,7311387648.0
BOKF,5665805824.0
BOKFL,5463294976.0
BOOM,624936256.0
BPFH,968796416.0
BPMC,3303921152.0
BPOP,5435293184.0
BPOPM,
BPOPN,
BPR,1250885248.0
BPRAP,1854165376.0
BPRN,214808352.0
BPY,18128830464.0
BPYPO,
BPYPP,17432774656.0
BREW,320025216.0
BRKL,1216216576.0
BRKR,8000654848.0
BRKS,2839438592.0
BRP,1006718528.0
BRY,565361856.0
BSET,127469160.0
BSRR,416044064.0
BSVN,4252432640.0
BUSE,1446380928.0
BYND,7143923200.0
BZUN,1989558144.0
CABA,445830688.0
CAC,715580864.0
CACC,8628670464.0
CAKE,1748305920.0
CALA,419735008.0
CALM,1768776832.0
CAMP,332023552.0
CAR,2474627328.0
CARE,533524832.0
CARG,4055912192.0
CASA,362919648.0
CASH,1363833344.0
CASS,814196416.0
CASY,6041916416.0
CATM,2047764992.0
CATY,2924431104.0
CBAY,126753344.0
CBMG,329312640.0
CBNK,192859824.0
CBPO,4486188032.0
CBRL,3769901824.0
CBSH,7665343488.0
CBSHP,6365803520.0
CBTX,778674176.0
CCB,209202816.0
CCBG,473407648.0
CCD,535829472.0
CCLP,99330928.0
CCMP,4483849216.0
CCNE,457440000.0
CCOI,3446374144.0
CCRN,387946048.0
CCXI,2370075136.0
CDK,6567025152.0
CDNS,20648837120.0
CDW,19448659968.0
CDXS,963207872.0
CECE,258688768.0
CENT,1710316160.0
CENTA,1707290112.0
CENX,468025856.0
CERN,22947926016.0
CETV,1133623296.0
CEVA,643512256.0
CFB,697946368.0
CFFI,189456256.0
CFFN,1923039360.0
CFMS,71460480.0
CG,11703139328.0
CGBD,818995264.0
CGNX,9358318592.0
CGO,114911968.0
CHCO,1245480448.0
CHDN,5798130688.0
CHEF,1112325760.0
CHI,796546944.0
CHKP,17806546944.0
CHMA,199577904.0
CHMG,196440016.0
CHNG,1999792640.0
CHNGU,
CHRW,9886775296.0
CHSCL,
CHSCM,
CHSCN,
CHSCO,
CHSCP,
CHTR,105188507648.0
CHUY,420349376.0
CHW,511812832.0
CHY,860345536.0
CIGI,3241782784.0
CIH,270975040.0
CINF,17291503616.0
CLAR,403242592.0
CLBK,1914547072.0
CLMT,348246176.0
CLNE,497476928.0
CLVS,642084160.0
CMCO,849670592.0
CMCSA,197278236672.0
CME,76800991232.0
CMFNL,124685872.0
CMPR,3001549056.0
CMTL,737303616.0
CNBKA,494708800.0
CNDT,979935808.0
CNMD,3050174976.0
CNOB,974204864.0
CNSL,360732384.0
CNST,1442346240.0
CNXN,1357921024.0
COHR,3648673024.0
COHU,984154176.0
COKE,1968183680.0
COLB,2864528384.0
COLL,673559424.0
COLM,6387283968.0
COMM,2438683136.0
CONE,6933255168.0
CONN,262868176.0
CORE,1119132800.0
COST,137449078784.0
COUP,10591844352.0
COWN,470468512.0
COWNL,
COWNZ,809480256.0
CPIX,74552944.0
CPLP,234951952.0
CPRT,23492427776.0
CPSI,375257984.0
CPTA,139757184.0
CPTAL,131261968.0
CPZ,
CRAI,428144160.0
CREE,5551373312.0
CRESY,433948160.0
CRMT,743438528.0
CRNC,873559168.0
CRNT,172494720.0
CRNX,541610624.0
CROX,2799325952.0
CRTO,1002176832.0
CRTX,1429895680.0
CRUS,4722202624.0
CRVL,1724900864.0
CRWD,12528995328.0
CSCO,200871002112.0
CSFL,2904036864.0
CSGP,24170491904.0
CSGS,1686366592.0
CSII,1728329728.0
CSIQ,1216622208.0
CSOD,3636972288.0
CSQ,2146230016.0
CSTE,470182400.0
CSTR,276144928.0
CSWC,381933952.0
CSWCL,415555552.0
CSWI,1215926912.0
CSX,60827316224.0
CTAS,29186713600.0
CTBI,788489344.0
CTG,88184160.0
CTMX,351660704.0
CTRE,2100349312.0
CTRN,273777344.0
CTSH,34680094720.0
CTXS,16182438912.0
CUTR,411134656.0
CVBF,2927535872.0
CVCO,2025311104.0
CVET,1462644480.0
CVGI,163277232.0
CVGW,1372202880.0
CVLT,2128094208.0
CVTI,256989648.0
CWCO,264034928.0
CWST,2443520256.0
CY,8656983040.0
CYBR,5318548480.0
CYCN,96965216.0
CYOU,586221120.0
CYTK,759171712.0
CZR,9396442112.0
DAKT,271787936.0
DBVT,1063449664.0
DBX,7102023680.0
DCOM,694654912.0
DCPH,3311217920.0
DDOG,13201414144.0
DERM,1025808448.0
DGICA,391420000.0
DGICB,385878688.0
DGII,467951264.0
DHC,1886539136.0
DHCNI,
DHCNL,
DHIL,485491616.0
DIOD,2748611584.0
DISCA,15176768512.0
DISCB,14283375616.0
DISCK,15169947648.0
DISH,19209093120.0
DLTH,285405120.0
DLTR,20533979136.0
DMLP,592331008.0
DMRC,404158560.0
DNKN,6496962560.0
DNLI,2712903680.0
DOCU,13827008512.0
DOOO,4505593856.0
DORM,2451806720.0
DOX,9957027840.0
DOYU,2616469504.0
DRNA,1352880896.0
DRTT,239029840.0
DSGX,3892066304.0
DSPG,347821984.0
DTIL,454998368.0
DWSN,56748300.0
DXCM,21932998656.0
DXLG,58907860.0
DXPE,639703936.0
EA,32660772864.0
EBAY,28387954688.0
EBAYL,28418719744.0
EBIX,1115825408.0
EBSB,987903360.0
EBTC,388571072.0
ECHO,579195648.0
ECOL,1213765120.0
ECOR,37483288.0
ECPG,1085815680.0
EDIT,1433916032.0
EEFT,8877848576.0
EFSC,1187533824.0
EGLE,254213984.0
EGOV,1507373184.0
EHTH,2814515712.0
EIDX,1986569856.0
EIGI,671998912.0
ELGX,25926336.0
EMMS,50550640.0
ENDP,1342513920.0
ENSG,2476122112.0
ENTA,1055867648.0
ENTG,7242734080.0
EPAY,2500543488.0
EPZM,2153225472.0
EQBK,422095456.0
EQIX,51452170240.0
ERI,4751716352.0
ERIC,26880643072.0
ERIE,7826281472.0
ERII,567139520.0
ERYP,121545832.0
ESGR,4327008256.0
ESGRO,3928137216.0
ESGRP,4044264192.0
ESLT,6868584960.0
ESSA,196116000.0
ETFC,9879964672.0
ETSY,5981324800.0
EVLO,231338624.0
EWBC,7003834368.0
EXC,46564020224.0
EXEL,5419093504.0
EXFO,223751584.0
EXLS,2530160128.0
EXPD,12564806656.0
EXPE,15892545536.0
EXPO,3814866432.0
EXTR,777907264.0
EYE,2831633408.0
EZPW,349594080.0
FANG,12541984768.0
FANH,1717475840.0
FARM,205732240.0
FARO,890393728.0
FAST,20789211136.0
FB,635018215424.0
FBIZ,227075440.0
FBNC,1058963712.0
FCBC,522752864.0
FCFS,3691776768.0
FCNCA,5565846016.0
FDEF,595032640.0
FDUS,362445280.0
FDUSG,
FDUSL,
FDUSZ,
FELE,2766426368.0
FEYE,3525324800.0
FFBC,2435190016.0
FFIC,554415296.0
FFIN,4857094144.0
FFIV,7687931392.0
FFNW,155743072.0
FGEN,3678464000.0
FHB,3829767424.0
FIBK,2501570560.0
FISI,484428544.0
FISV,81988534272.0
FITB,20317532160.0
FITBI,20405622784.0
FITBO,
FITBP,
FIVE,6615065600.0
FIXX,678991552.0
FIZZ,2097645056.0
FLDM,284520448.0
FLEX,6613087232.0
FLIR,7131573248.0
FLWS,975315072.0
FLXS,136518864.0
FMBI,2230232320.0
FNKO,769428928.0
FNLC,319364128.0
FOCS,1969697792.0
FORM,1988636544.0
FORR,798883840.0
FORTY,1109282816.0
FOSL,370538528.0
FOX,22713597952.0
FOXA,22734901248.0
FOXF,2697471232.0
FPRX,192149232.0
FRAN,23195344.0
FREQ,692660224.0
FRGI,291799360.0
FRME,2215602688.0
FRPH,493688544.0
FRTA,884785280.0
FSLR,5391568384.0
FSTR,191591136.0
FSV,4205235968.0
FTDR,3674387200.0
FTEO,112788816.0
FTNT,20111888384.0
FTSV,1877438976.0
FULT,2750651392.0
FUNC,170498272.0
FUND,201821648.0
FWONA,10815132672.0
FWONK,10827527168.0
FWRD,1915702784.0
GABC,935559040.0
GAIN,439066592.0
GAINL,370916320.0
GAINM,372922688.0
GARS,97018624.0
GASS,124943824.0
GBCI,3956463616.0
GBDC,2441570560.0
GBLI,449587904.0
GBLIL,479396192.0
GBLIZ,398926848.0
GBT,4154762240.0
GEC,81255360.0
GEOS,201712048.0
GERN,269700320.0
GH,7557077504.0
GIFI,75552840.0
GIII,1365415168.0
GILD,81412145152.0
GILT,526692352.0
GLAD,308721376.0
GLADD,
GLADL,
GLDD,690336000.0
GLIBA,7482209280.0
GLIBP,6811090432.0
GLNG,1083910016.0
GLPG,14939453440.0
GLPI,10014354432.0
GLRE,347004672.0
GLUU,949795776.0
GMAB,14911619072.0
GMLP,530600800.0
GMLPP,
GNFT,704317696.0
GNTX,7789007872.0
GNTY,357969408.0
GO,2978790912.0
GOGL,668153600.0
GOGO,479578432.0
GOOD,722056192.0
GOODM,669784512.0
GOODN,
GOOG,1007275212800.0
GOOGL,1008193830912.0
GOSS,838567168.0
GPOR,254735840.0
GPRE,451840032.0
GPRO,657290304.0
GRFS,20347107328.0
GRIN,112022272.0
GRMN,19187097600.0
GRPN,1620786560.0
GRTS,343381472.0
GSBC,827143808.0
GSHD,1898814720.0
GSIT,188179392.0
GSKY,1628357376.0
GSUM,42830220.0
GT,3225662720.0
GTHX,810257088.0
GTLS,2343760640.0
HA,1287328640.0
HAFC,532044288.0
HAIN,2563486464.0
HALO,2655397376.0
HARP,341118656.0
HAS,14333255680.0
HAYN,347056128.0
HBAN,13836299264.0
HBANN,28700225536.0
HBANO,13684187136.0
HBCP,346259296.0
HBNC,785172672.0
HBT,522237856.0
HCAT,1242478720.0
HCCI,673324352.0
HCKT,479063136.0
HCM,3521079040.0
HCSG,1950812032.0
HDS,6596791296.0
HEES,1021055552.0
HELE,4758583296.0
HFWA,946593408.0
HHR,1112249984.0
HIBB,446014112.0
HIMX,648986624.0
HLIO,1417960320.0
HLIT,698803904.0
HLNE,3398771200.0
HMHC,718011520.0
HMST,774060096.0
HMSY,2458363648.0
HOFT,293000384.0
HOLI,957629120.0
HOLX,14545474560.0
HOMB,3209335040.0
HONE,648276416.0
HOOK,327388544.0
HOPE,1771916160.0
HQY,5057946624.0
HRZN,186206640.0
HSIC,10417072128.0
HSII,572619840.0
HSON,38506928.0
HSTM,828239488.0
HTBI,471293920.0
HTBK,685702720.0
HTHT,10046476288.0
HTLD,1579714816.0
HTLF,1855402368.0
HUBG,1834286208.0
HURC,215361008.0
HURN,1544578944.0
HWBK,142784464.0
HWC,3557484800.0
HWCC,67073956.0
HWCPL,2166750720.0
HWKN,446736864.0
HZNP,6804682240.0
IAC,21476751360.0
IART,4750519808.0
IBCP,490885728.0
IBKC,3890247680.0
IBKCN,4189185024.0
IBKCO,4169164544.0
IBKCP,4149956096.0
IBKR,20100579328.0
IBOC,2648232960.0
IBTX,2293169920.0
ICFI,1702686720.0
ICHR,788892608.0
ICLR,9311593472.0
ICMB,96581656.0
ICON,17470568.0
ICPT,3087741696.0
ICUI,3851849472.0
IDCC,1789519104.0
IDXX,24251598848.0
IDYA,173220976.0
IEP,13320793088.0
IFRX,91368552.0
IGMS,1122194304.0
IHRT,1155596288.0
IIIN,446463040.0
IIIV,890380992.0
IIVI,3252401408.0
ILMN,46344687616.0
ILPT,1503732608.0
IMGN,736499456.0
IMKTA,876033792.0
IMMR,241011408.0
IMOS,808027264.0
INAP,29682526.0
INBK,254260976.0
INBKL,168180640.0
INBKZ,
INCY,16228008960.0
INDB,2513755904.0
INFI,82692056.0
INFN,1355064320.0
INGN,1016330688.0
INMD,1536171520.0
INO,408040800.0
INOV,3183309824.0
INSG,588889792.0
INSM,1874430720.0
INTC,284655747072.0
INTL,933451968.0
INTU,74752368640.0
INVA,1430565888.0
INWK,234596256.0
IONS,8593102848.0
IOSP,2569864960.0
IPAR,2231154944.0
IPGP,6988257280.0
IPHA,561140032.0
IPHS,629317952.0
IPLDP,340754848.0
IQ,16460185600.0
IRBT,1484483968.0
IRCP,556059456.0
IRDM,3312745472.0
IRTC,2350934528.0
IRWD,1935918208.0
ISBC,2927156224.0
ISEE,332306624.0
ISRG,66644594688.0
ISSC,96994960.0
ITCI,1294587904.0
ITIC,305020192.0
ITRI,3357378560.0
ITRN,522660928.0
IVAC,160997760.0
JACK,1980500224.0
JAZZ,8330046976.0
JBHT,12073231360.0
JBLU,5678148608.0
JBSS,950973120.0
JCOM,4862816768.0
JD,57435394048.0
JJSF,3177822976.0
JKHY,11556691968.0
JNCE,232599504.0
JOBS,5093737984.0
JOUT,764831680.0
JRJC,14407956.0
JRVR,1346351104.0
JSM,6832809472.0
KALA,238530448.0
KALU,1655582208.0
KBAL,735196480.0
KCAPL,935053184.0
KE,425868160.0
KELYA,741186624.0
KELYB,739018304.0
KFRC,868184256.0
KHC,36353933312.0
KIRK,17649824.0
KLAC,27325976576.0
KLDO,269209696.0
KLIC,1811195776.0
KLXE,98279856.0
KMDA,269281248.0
KNDI,218323712.0
KNSA,828707648.0
KNSL,2496376576.0
KPTI,1042314048.0
KRNT,1674093056.0
KRNY,1115054976.0
KTOS,1995750656.0
KURA,542643520.0
KVHI,199062592.0
KZR,55103996.0
LAMR,9520859136.0
LANC,4351012864.0
LASR,719310848.0
LAUR,4610653696.0
LAWS,456148000.0
LBAI,835243584.0
LBC,624223232.0
LBRDA,23032242176.0
LBRDK,23061217280.0
LBTYA,12542167040.0
LBTYB,13201500160.0
LBTYK,12568379392.0
LCUT,136098784.0
LECO,5707008512.0
LEGH,366581248.0
LEVL,194644176.0
LFUS,4429502464.0
LGIH,1869277440.0
LHCG,4671805952.0
LILA,3120443136.0
LILAK,3151356416.0
LINC,63079248.0
LITE,6028934144.0
LIVN,3304544256.0
LK,9903464448.0
LKFN,1245918336.0
LKQ,10315511808.0
LLNW,624563264.0
LMNR,356980416.0
LMNX,1046555648.0
LNDC,331874944.0
LNT,14168750080.0
LOB,722351296.0
LOCO,487312736.0
LOGI,7766572032.0
LOGM,4189278976.0
LOPE,3980982272.0
LORL,1024803712.0
LPLA,7650663936.0
LPSN,2830639104.0
LQDT,188406160.0
LRCX,43577380864.0
LSCC,2794033408.0
LSTR,4446284800.0
LSXMA,15468593152.0
LSXMB,15541854208.0
LSXMK,15419086848.0
LTRPA,472756096.0
LTRPB,478415872.0
LULU,31631718400.0
LVGO,2371838464.0
LXRX,338690240.0
LYFT,13866680320.0
LYTS,173343168.0
MANH,5513720832.0
MANT,3289982464.0
MAR,46614675456.0
MASI,9200736256.0
MAT,5041235968.0
MATW,1201086976.0
MBWM,547777088.0
MCBC,368520544.0
MCBS,453698464.0
MCHP,24676868096.0
MCHX,146545344.0
MCRB,232857920.0
MCRI,938742016.0
MDCA,173097936.0
MDLZ,78844542976.0
MDRX,1472659584.0
MEDP,3211749888.0
MELI,33327572992.0
MEOH,2782343936.0
MERC,768522624.0
MESA,280083040.0
MESO,1076545920.0
METC,129367176.0
MFIN,160912416.0
MFINL,157205456.0
MGEE,2736130560.0
MGI,142152320.0
MGIC,515590144.0
MGLN,1801635584.0
MGNX,482340672.0
MGPI,592965568.0
MGRC,1940196352.0
MGTX,660484864.0
MIDD,6461817344.0
MIK,842281600.0
MIME,3124056576.0
MIND,37961776.0
MINDP,46182256.0
MINI,1865682176.0
MIST,544590400.0
MKSI,5993145856.0
MKTX,13338251264.0
MLAB,1162542720.0
MLCO,9278905344.0
MLHR,2371906816.0
MLNX,6585548800.0
MMLP,109594784.0
MMSI,1968485120.0
MMYT,2443430144.0
MNLO,130370680.0
MNRO,2347786240.0
MNST,35863388160.0
MNTA,2858478336.0
MOBL,554553408.0
MOFG,536674688.0
MOMO,6357135360.0
MOR,4066312192.0
MORN,6746403840.0
MPAA,397050624.0
MPWR,7574479360.0
MRBK,129057808.0
MRCC,225364912.0
MRCCL,
MRCY,4044131840.0
MRLN,256582512.0
MRNA,7108221952.0
MRSN,343211872.0
MRTN,1109535232.0
MRTX,3452065536.0
MRVL,16925115392.0
MSBI,652509824.0
MSEX,1154163072.0
MSFT,1283928752128.0
MSTR,1597767680.0
MTCH,22897573888.0
MTEX,36526444.0
MTLS,993500800.0
MTRX,550568512.0
MTSC,984604992.0
MTSI,2034222080.0
MU,61942112256.0
MXIM,16815642624.0
MYFW,133473480.0
MYGN,2172158976.0
MYL,11396216832.0
MYOK,3230728192.0
MYRG,510179040.0
NATH,294310752.0
NATI,5760128000.0
NAVI,3237900032.0
NBIX,9536282624.0
NBL,9898376192.0
NBLX,2012345088.0
NBRV,135241232.0
NBTB,1702143488.0
NCMI,578554368.0
NCNA,177485952.0
NCSM,80055856.0
NDAQ,18709258240.0
NDLS,302462016.0
NDSN,9944963072.0
NEOG,3578722048.0
NFBK,798636608.0
NFE,2502972928.0
NFLX,149255143424.0
NGM,1159123456.0
NH,130774280.0
NICE,10920239104.0
NICK,70310872.0
NK,699390784.0
NKTR,3666214400.0
NLOK,17157428224.0
NMCI,57079100.0
NMRK,2146453760.0
NNBR,382491360.0
NOVT,3317630720.0
NRC,1737920768.0
NRIM,248688000.0
NSIT,2367087872.0
NTAP,12782938112.0
NTCT,1846253440.0
NTES,42500968448.0
NTGN,41505776.0
NTGR,790568896.0
NTNX,6286542336.0
NTRA,2856161024.0
NTRS,21066317824.0
NTRSO,
NTUS,1098327680.0
NUAN,5549938176.0
NUVA,4067626496.0
NVAX,223897728.0
NVCR,8685475840.0
NVDA,150703898624.0
NVMI,1069850560.0
NWBI,1654199424.0
NWL,8480702464.0
NWLI,974471552.0
NWPX,326523840.0
NWS,7970587648.0
NWSA,7968839168.0
NXGN,930001856.0
NXPI,37253959680.0
NXST,5682454528.0
NXTC,1191013248.0
NYMT,1835604608.0
NYMTM,
NYMTN,1374971264.0
NYMTO,1320114048.0
NYMTP,1337490048.0
OBNK,834041600.0
OBSV,167751696.0
OCFC,1443277568.0
OCSI,242812320.0
OCSL,780923904.0
OCSLL,
ODFL,16348651520.0
ODP,1292434560.0
ODT,974007168.0
OFIX,850624128.0
OFS,151848096.0
OFSSI,
OFSSL,337272000.0
OFSSZ,
OGI,449309824.0
OIIM,42137996.0
OKTA,15849847808.0
OLED,8909085696.0
OMAB,3462424832.0
OMCL,3556770048.0
OMP,519293664.0
ON,9857327104.0
ONB,3057328384.0
OPB,963500224.0
OPI,1681795712.0
OPINI,1317919872.0
OPK,1018369536.0
OPRA,906967552.0
OPRT,573775488.0
OPTN,401493888.0
ORBC,320190560.0
ORLY,32383143936.0
ORTX,1302986240.0
OSBC,373490976.0
OSBCP,
OSIS,1716976896.0
OSMT,408083808.0
OSUR,458627136.0
OTEX,12679666688.0
OTIC,96607272.0
OTTR,2115581696.0
OVID,167596480.0
OXLC,544800000.0
OXLCM,478946240.0
OXLCO,472552768.0
OXSQ,284351072.0
OXSQL,1312724736.0
OXSQZ,
OYST,706030592.0
OZK,3590162944.0
PAAS,4626162688.0
PACB,730737344.0
PACW,4256453376.0
PATI,44606204.0
PATK,1270212480.0
PAYX,31530799104.0
PBCT,6929424384.0
PBCTP,6907596288.0
PBPB,97498976.0
PBYI,330064000.0
PCAR,26345220096.0
PCB,243537040.0
PCH,2952686848.0
PCRX,1794424448.0
PCTI,171886272.0
PCTY,7557626880.0
PDCE,2120118016.0
PDCO,2215439360.0
PDD,42937577472.0
PDFS,537013312.0
PDLI,379094208.0
PEBO,700864768.0
PEGA,7016184320.0
PEGI,2642658560.0
PENN,3433343232.0
PEP,198110511104.0
PERI,213138064.0
PETQ,870221440.0
PETS,519476160.0
PFBC,906444800.0
PFG,15208095744.0
PFIS,357454656.0
PFLT,471468736.0
PFMT,61984540.0
PGC,549731136.0
PGNX,411798912.0
PGNY,2609640704.0
PHAT,909994496.0
PI,776150144.0
PICO,201714016.0
PINC,2335132160.0
PKOH,392184640.0
PLAB,896858816.0
PLAY,1402291712.0
PLCE,978910784.0
PLMR,1259101184.0
PLPC,285261920.0
PLUS,1114936704.0
PLXS,2181422336.0
PLYA,932620736.0
PMBC,165710960.0
PNFP,4572584960.0
PNNT,440151072.0
PNNTG,
PNTG,725687616.0
PODD,12160308224.0
POOL,9018091520.0
POWI,2910306816.0
POWL,511900416.0
PPBI,1818803968.0
PPC,6643553792.0
PRAA,1622985600.0
PRAH,6584464384.0
PRDO,1288608256.0
PRFT,1640214656.0
PRGS,2111168512.0
PRGX,94055264.0
PRIM,1070632192.0
PRNB,1677034624.0
PROV,167498176.0
PRSC,833946240.0
PRTA,535212896.0
PRTS,92048640.0
PRVB,785557184.0
PS,2808360960.0
PSEC,2413995520.0
PSMT,1883281024.0
PTC,9614792704.0
PTCT,3203579392.0
PTEN,1537854592.0
PTLA,1026435200.0
PTMN,103442736.0
PTNR,832856000.0
PTON,8673864704.0
PVAC,334825440.0
PWOD,225632512.0
PYPL,137133645824.0
PZZA,2117713664.0
QADA,1013386560.0
QADB,1010433024.0
QCOM,100799193088.0
QDEL,3368821760.0
QIWI,1192801280.0
QLYS,3424455424.0
QNST,682835904.0
QQQX,957880640.0
QRTEA,3798935808.0
QRTEB,3775596800.0
QRVO,13111397376.0
QTT,1147308672.0
QURE,2709668096.0
RAIL,19348590.0
RARE,3183176448.0
RAVN,1177235584.0
RBB,399616480.0
RBBN,321784000.0
RBCAA,822817728.0
RCII,1661248512.0
RCKY,205466672.0
RCM,1473452672.0
RDFN,2300999424.0
RDWR,1197924096.0
REAL,1302310400.0
RECN,503632224.0
REG,10638639104.0
REGI,1009564992.0
REGN,37544742912.0
RELL,59685752.0
REPL,602389760.0
RGEN,5337068032.0
RGLD,7420083712.0
RGNX,1651231104.0
RIGL,407292320.0
RMBS,1839634560.0
RNET,87545800.0
RNST,1842102144.0
RNWK,53368000.0
ROAD,896600192.0
ROCK,1822261120.0
ROIC,1983531648.0
ROKU,15280456704.0
ROLL,4104781056.0
ROST,41129672704.0
RP,5563228672.0
RRBI,400600064.0
RRGB,438785216.0
RRR,2939268352.0
RTIX,307807712.0
RTLR,2433300480.0
RUBY,651973312.0
RUHN,691493184.0
RUN,2004034560.0
RUSHA,1601238016.0
RUSHB,1602759808.0
RUTH,557791296.0
RVSB,167883200.0
RYAAY,18156609536.0
SABR,6030695936.0
SAFM,3105224960.0
SAFT,1445895168.0
SAIA,2400765952.0
SANM,2344378880.0
SASR,1223614336.0
SATS,3998105600.0
SBAC,28104083456.0
SBBP,172374768.0
SBCF,1444959232.0
SBGI,2808802560.0
SBLK,844409152.0
SBLKZ,1651973760.0
SBNY,7811186176.0
SBRA,4561236480.0
SBSI,1214164480.0
SBUX,101668397056.0
SCHL,1161044736.0
SCHN,468218464.0
SCOR,299038752.0
SCPH,108819640.0
SCPL,1440706432.0
SCSC,884348480.0
SCVL,533668064.0
SCWX,1282605952.0
SDC,5052429824.0
SEAC,180877616.0
SEDG,5027794432.0
SEIC,9589338112.0
SENEA,365280928.0
SENEB,397656800.0
SFBS,2015178752.0
SFIX,2266477568.0
SFM,1849465984.0
SFNC,2806636288.0
SG,1026915008.0
SGEN,19198658560.0
SGH,773079296.0
SGMO,864677184.0
SGMS,2397052928.0
SGRY,899021888.0
SHBI,206687536.0
SHEN,2090508160.0
SHLO,83536576.0
SHOO,3434513408.0
SIEN,321382976.0
SIGI,3926148864.0
SILC,264681184.0
SIMO,1742665856.0
SINA,2815845120.0
SIRI,31253581824.0
SIVB,12819629056.0
SIVBP,
SKYW,3094865664.0
SLAB,4539449856.0
SLDB,161416480.0
SLGN,3406116096.0
SLM,4758430208.0
SLMBP,3852410880.0
SLRC,873530752.0
SMCI,1439451520.0
SMMF,334926272.0
SMTC,3376579072.0
SNBR,1484742144.0
SNCR,259570384.0
SND,83669760.0
SNDL,270508064.0
SNDX,183741184.0
SNPS,22795515904.0
SNY,122528448512.0
SOHU,427982944.0
SONO,1524551424.0
SP,952049344.0
SPAR,603921664.0
SPFI,387415424.0
SPI,28043712.0
SPKE,330688224.0
SPKEP,396345856.0
SPLK,24359235584.0
SPNE,281139968.0
SPOK,205890048.0
SPPI,299943296.0
SPRO,189750752.0
SPSC,2008137216.0
SPTN,450706496.0
SPWH,283588800.0
SPWR,1484342144.0
SRCE,1235680128.0
SRCL,5810301952.0
SRDX,548827392.0
SREV,173870800.0
SRPT,8982444032.0
SRRK,333555552.0
SSB,2616362496.0
SSNC,16330185728.0
SSP,1047844032.0
SSRM,2188654848.0
SSYS,1034845504.0
STAY,2468056576.0
STBA,1503854208.0
STFC,1331720960.0
STKL,237154512.0
STLD,6575595008.0
STMP,1376310912.0
STNE,12079333376.0
STOK,786497088.0
STRA,3667632128.0
STRL,377771104.0
STRS,247886352.0
STX,15541983232.0
STXB,394643264.0
SUNS,286549408.0
SVA,460249280.0
SVC,3756196096.0
SVMK,2437950208.0
SVRA,124455408.0
SVVC,48277228.0
SWAV,1266288000.0
SWIR,358400672.0
SWKS,20267163648.0
SWTX,1555745664.0
SYBT,902100160.0
SYKE,1444378752.0
SYNA,2310535680.0
SYNH,6537072128.0
SYRS,310245184.0
TA,145511904.0
TANNI,1016589248.0
TANNL,1011051328.0
TANNZ,1004619520.0
TAST,254312976.0
TBBK,662722816.0
TBIO,468172384.0
TBK,984619584.0
TBNK,286175808.0
TCBI,2732330240.0
TCBIL,2981259008.0
TCBIP,3002017280.0
TCBK,1140253312.0
TCDA,1686974976.0
TCF,3012267776.0
TCFCP,
TCOM,19511908352.0
TCPC,835361536.0
TCRD,194070768.0
TCRR,363994944.0
TEAM,36733267968.0
TECD,5108132864.0
TECH,8377824256.0
TENB,2682485248.0
TER,11740514304.0
TERP,4013002496.0
TESS,67014360.0
TFSL,5532508160.0
TGA,90477072.0
THFF,581722432.0
THRM,1557531520.0
TIGO,4713263616.0
TIGR,504590592.0
TILE,960697152.0
TITN,283937696.0
TIVO,982548160.0
TLRY,1894436608.0
TMUS,68822450176.0
TNAV,226318016.0
TORC,49566940.0
TOWN,1968348928.0
TPTX,2110460032.0
TREE,4010708224.0
TRIB,22155694.0
TRIP,3988701952.0
TRMB,10877190144.0
TRMD,663026560.0
TRMK,2098095616.0
TROW,31875878912.0
TRS,1339630976.0
TRST,775860608.0
TRUE,386943488.0
TRVG,984737216.0
TSC,707838144.0
TSCAP,568043840.0
TSCBP,636382784.0
TSCO,11269164032.0
TSEM,2538877696.0
TSG,7079569408.0
TSLA,104205041664.0
TTEC,1886197888.0
TTEK,4944994816.0
TTMI,1562366208.0
TTPH,8075919.0
TTWO,14181977088.0
TUES,64447652.0
TUSK,63480312.0
TVTY,1084666624.0
TW,9869485056.0
TWIN,131854312.0
TWOU,1258746880.0
TWST,868041344.0
TXG,9849731072.0
TXMD,682010176.0
TXN,118041853952.0
TXRH,4408878592.0
TZOO,133023816.0
UAL,19317377024.0
UBFO,172080048.0
UBSI,3556929024.0
UBX,288973280.0
UCBI,2242408704.0
UCFC,537803840.0
UCTT,947377984.0
UEIC,750729984.0
UEPS,238152960.0
UFCS,1119417600.0
UFPI,3033903616.0
UHAL,7305866240.0
ULH,484122656.0
ULTA,15637045248.0
UMBF,3333360384.0
UMPQ,3809036544.0
UNIT,1277554432.0
UPWK,1036194240.0
URBN,2620839168.0
UROV,410489952.0
USAK,62667020.0
USAP,119178048.0
USCR,619013376.0
USLM,533213152.0
UTHR,4177719296.0
UTMD,394029408.0
UTSI,98657152.0
UVSP,736591808.0
UXIN,666381184.0
VC,2407952128.0
VCTR,1441937280.0
VECO,675350464.0
VEON,4652685824.0
VG,2127838976.0
VIAC,21621307392.0
VIACA,21540792320.0
VIAV,3419275264.0
VICR,2171316480.0
VIE,2191813632.0
VIOT,525451328.0
VIR,2512745984.0
VIRT,3015472896.0
VIVO,448187712.0
VLGEA,227520480.0
VLY,4408141824.0
VLYPO,3504672512.0
VLYPP,3575897088.0
VNET,1092460032.0
VNOM,3499766528.0
VOD,54465138688.0
VOXX,106178680.0
VRA,333396192.0
VREX,1153866624.0
VRNS,2575322112.0
VRNT,3922114304.0
VRSK,27090989056.0
VRSN,24816740352.0
VRTS,876809984.0
VRTSP,787328128.0
VRTU,1276116608.0
VRTX,59723087872.0
VSAT,4157252352.0
VSEC,359709600.0
VVUS,24053566.0
VYGR,427825888.0
WABC,1753711616.0
WAFD,2708782080.0
WASH,825199296.0
WB,9901540352.0
WBA,46727450624.0
WDAY,42738601984.0
WDC,19993051136.0
WDFC,2580423168.0
WEN,4996793856.0
WERN,2646387968.0
WETF,610763136.0
WEYS,233649408.0
WHF,287234688.0
WHFBZ,
WIFI,552449088.0
WING,2836362496.0
WIRE,1177849088.0
WIX,7319325184.0
WLTW,27512049664.0
WMGI,3832410368.0
WNEB,241711488.0
WPRT,350228480.0
WRLD,701803008.0
WSBC,2245680128.0
WSBF,481884096.0
WSFS,2113731456.0
WSG,375889280.0
WTBA,390985824.0
WTFC,3718526208.0
WTFCM,4243744512.0
WTRE,463143648.0
WTREP,
WW,2210168320.0
WWD,7327357952.0
WYNN,13367843840.0
XBIT,943223360.0
XEL,35231006720.0
XERS,162308032.0
XLNX,22310303744.0
XNET,307287072.0
XOG,204520560.0
XON,855712640.0
XONE,118177200.0
XP,22066483200.0
XPER,850454208.0
XRAY,13202495488.0
YIN,414100288.0
YMAB,1403008384.0
YNDX,15211588608.0
YORW,632350016.0
YRCW,83197656.0
YY,5000566784.0
Z,9832589312.0
ZAGG,243016864.0
ZBRA,13501404160.0
ZEAL,1300851200.0
ZEUS,163835920.0
ZFGN,43615576.0
ZG,9880654848.0
ZION,7752727040.0
ZIONW,
ZIXI,383801792.0
ZM,20433127424.0
ZNGA,5727557632.0
ZS,7335775232.0
ZUMZ,843496768.0
ZVO,49185176.0
