,MarketCap,Market Category
AAME,40959000.0,G
AAOI,243555008.0,G
ABTX,775382656.0,G
ACIU,641376704.0,G
ACMR,665991872.0,G
ACRX,140446336.0,G
ADES,207638016.0,G
ADMA,246764528.0,G
ADMS,147088656.0,G
ADVM,699488064.0,G
AERI,979468160.0,G
AEY,22276796.0,G
AFMD,210389008.0,G
AGLE,215652128.0,G
AGTC,132629952.0,G
AIH,179694176.0,G
AIRT,64255752.0,G
AIRTP,598614144.0,G
AIRTW,182665.0,G
AKBA,931323712.0,G
ALJJ,51872544.0,G
ALOT,90490496.0,G
ALPN,55205768.0,G
ALT,28327936.0,G
ALTM,675852288.0,G
AMAL,543005184.0,G
AMOT,451100256.0,G
AMRN,7043550208.0,G
AMTX,18504952.0,G
ANIP,742206016.0,G
APEN,60738472.0,G
APLT,923059008.0,G
APM,430300160.0,G
APPF,4301220352.0,G
APPN,3439246336.0,G
AQST,134357584.0,G
ARCT,163641792.0,G
ARDX,485007136.0,G
ARKR,77815760.0,G
ASLN,51150680.0,G
ASPU,185164432.0,G
ASRV,70790288.0,G
ASRVP,,G
ATRC,1583206528.0,G
AUBN,206480096.0,G
AUPH,2029151616.0,G
AVDL,264024624.0,G
AWRE,76647680.0,G
AXLA,117981576.0,G
AXSM,3339511296.0,G
BBGI,106481736.0,G
BCBP,240330496.0,G
BKEP,47343660.0,G
BKEPP,226477616.0,G
BLBD,529005536.0,G
BLCM,69894576.0,G
BLDP,2315225600.0,G
BMLP,29005406208.0,G
BNFT,607323264.0,G
BOCH,199869744.0,G
BRID,195560304.0,G
BSQR,18175220.0,G
BWAY,120837040.0,G
BWFG,218453056.0,G
CAMT,476282048.0,G
CAN,877721408.0,G
CARA,758066944.0,G
CATB,67008092.0,G
CBAN,144286464.0,G
CBFV,161890832.0,G
CDLX,2211463424.0,G
CDNA,1034547200.0,G
CDTX,121947480.0,G
CDZI,250193920.0,G
CERS,604588672.0,G
CGEN,472191264.0,G
CHRS,1324742400.0,G
CIFS,19011578.0,G
CIZN,119985576.0,G
CLCT,222655104.0,G
CLFD,184376256.0,G
CLLS,672343552.0,G
CLPS,50834660.0,G
CLSD,147057216.0,G
CLUB,65744532.0,G
CLXT,194841040.0,G
CMBM,188412832.0,G
CMCT,224142240.0,G
CMCTP,891665280.0,G
CMLS,251940080.0,G
CMRX,109874312.0,G
CNCE,262014784.0,G
CNFR,37618096.0,G
CNFRL,,G
CNTG,222843792.0,G
CPHC,58049020.0,G
CPSS,79984696.0,G
CRBP,430721504.0,G
CRIS,54784784.0,G
CRON,2585410560.0,G
CRSP,3078312704.0,G
CRVS,184556960.0,G
CSPI,59743804.0,G
CSSE,96806120.0,G
CSSEP,91087736.0,G
CSTL,511024832.0,G
CVLY,217656352.0,G
CWBC,94208640.0,G
CYAD,167275760.0,G
CYBE,165659360.0,G
CZWI,135011008.0,G
DGLD,,G
DOGZ,29541504.0,G
DOMO,695254208.0,G
DRAD,5777446.0,G
DRADP,,G
DSLV,,G
DSWL,45358320.0,G
DTEA,37095764.0,G
DUO,973461888.0,G
DXYN,22744538.0,G
EBMT,145242352.0,G
EDAP,116861544.0,G
EDUC,48647472.0,G
EGRX,772559488.0,G
EH,612063104.0,G
EIGR,308637024.0,G
ELOX,162810992.0,G
EMKR,100106528.0,G
EML,178166416.0,G
ENPH,3991007488.0,G
EOLS,335417856.0,G
EPSN,78854976.0,G
EQ,85925312.0,G
ESCA,130524744.0,G
ESPR,1507652608.0,G
ESTRW,,G
ETNB,421529728.0,G
ETON,125065312.0,G
ETTX,65791324.0,G
EVBG,3092844544.0,G
EVER,993240192.0,G
EVGBC,,G
EVGN,41613736.0,G
EVK,19982430.0,G
EVLMC,,G
EVOP,2295526656.0,G
EVSTC,,G
EXPI,750167936.0,G
EYPT,208125216.0,G
FATE,1972969600.0,G
FBMS,642286592.0,G
FCCY,221261792.0,G
FCEL,364971200.0,G
FDBC,226890000.0,G
FEIM,83716320.0,G
FFWM,752863104.0,G
FGBI,191236048.0,G
FIVN,4402545664.0,G
FLGT,248474112.0,G
FLNT,205373248.0,G
FLXN,678366208.0,G
FMBH,559062464.0,G
FNHC,231993152.0,G
FNWB,177115952.0,G
FOLD,2358785024.0,G
FOMX,246240272.0,G
FRBA,210317488.0,G
FRBK,206538224.0,G
FRG,445209888.0,G
FRPT,2390969088.0,G
FSCT,1402698112.0,G
FULC,417094752.0,G
FUTU,1280325760.0,G
GAIA,156640208.0,G
GCVRZ,1084977024.0,G
GDEN,505365856.0,G
GDS,8104478208.0,G
GECC,81004736.0,G
GECCL,291679104.0,G
GECCM,,G
GECCN,,G
GENC,157239232.0,G
GFED,105454808.0,G
GFN,332649824.0,G
GFNCP,256116608.0,G
GFNSL,695895936.0,G
GLDI,,G
GLYC,191650768.0,G
GMDA,151166176.0,G
GNLN,111491512.0,G
GNMK,314795776.0,G
GPP,337966432.0,G
GRIF,203259888.0,G
GRTX,345324576.0,G
GRVY,237304944.0,G
GWPH,3512633088.0,G
GWRS,291473216.0,G
HABT,363801472.0,G
HALL,322772416.0,G
HBIO,114738840.0,G
HCAP,52739832.0,G
HCAPZ,163317968.0,G
HEAR,119186216.0,G
HIFS,435284992.0,G
HIIQ,319939136.0,G
HLG,1789515648.0,G
HMNF,100267080.0,G
HMTV,549489088.0,G
HOVNP,915142848.0,G
HTIA,,G
ICBK,173243680.0,G
ICLK,193231232.0,G
IEC,94488792.0,G
IESC,562880128.0,G
III,130247272.0,G
IIN,160385456.0,G
IMAB,769176832.0,G
IMMP,81732264.0,G
IMMU,4055873280.0,G
INOD,29286014.0,G
IOVA,2814148352.0,G
IRIX,37899952.0,G
ISTR,257364096.0,G
ITRM,39551540.0,G
JCS,58748856.0,G
JFIN,198485008.0,G
JFU,1814492032.0,G
JG,315562496.0,G
JMPNL,,G
JMPNZ,,G
KALV,292642176.0,G
KEQU,34511508.0,G
KFFB,63569116.0,G
KIDS,800176384.0,G
KOD,2777718528.0,G
KRKR,266209520.0,G
KRTX,2582030592.0,G
KRUS,190705936.0,G
KRYS,958238656.0,G
KTCC,64773392.0,G
LAKE,105610088.0,G
LAND,283273536.0,G
LANDP,235085600.0,G
LARK,116032840.0,G
LGND,1577632384.0,G
LIZI,503998880.0,G
LMAT,717287872.0,G
LMNL,231088992.0,G
LMRK,435059200.0,G
LMRKN,447483616.0,G
LMRKO,405917792.0,G
LMRKP,398688608.0,G
LNTH,715100352.0,G
LOGC,228555280.0,G
LONE,47403048.0,G
LOOP,396248256.0,G
LOVE,178388624.0,G
LPTX,46696156.0,G
LSBK,91643680.0,G
LWAY,39003348.0,G
LX,2495603200.0,G
MACK,44745676.0,G
MAGS,91791488.0,G
MBIO,162659648.0,G
MBUU,892578560.0,G
MCFT,343708416.0,G
MDB,9171751936.0,G
MDWD,82894720.0,G
MFSF,313458240.0,G
MGTA,523628992.0,G
MGYR,73341456.0,G
MIRM,432858976.0,G
MITO,93767184.0,G
MJCO,313419072.0,G
MLVF,164540880.0,G
MNDO,48248152.0,G
MNKD,331166112.0,G
MNOV,264367264.0,G
MOHO,245942912.0,G
MORF,644116352.0,G
MPB,218458128.0,G
MRAM,87564016.0,G
MREO,31759496.0,G
MRIN,9235160.0,G
MRKR,125853664.0,G
MRNS,179922288.0,G
MRUS,494689184.0,G
MSBF,89229080.0,G
MSON,275210400.0,G
MTBC,58251456.0,G
MTBCP,56437972.0,G
NAII,58974300.0,G
NBN,181992336.0,G
NEOS,91186176.0,G
NERV,304188064.0,G
NEWT,415937824.0,G
NEWTI,438165920.0,G
NEWTL,,G
NGHC,2507948544.0,G
NGHCN,2785549312.0,G
NGHCO,2751514368.0,G
NGHCP,2765893888.0,G
NGHCZ,2716480000.0,G
NIU,658625792.0,G
NLNK,61978124.0,G
NLTX,553085504.0,G
NMIH,2225358080.0,G
NOVN,16977638.0,G
NSEC,38099828.0,G
NSTG,1041707520.0,G
NTIC,134184288.0,G
NTLA,643535488.0,G
NWFL,222743872.0,G
OBAS,58012460.0,G
OBLN,14081082.0,G
OCC,25714088.0,G
OCUL,211309840.0,G
OFLX,1088720768.0,G
OLLI,3566350848.0,G
OMER,731392256.0,G
OPBK,157661136.0,G
OSTK,325694016.0,G
OVBC,169041392.0,G
OXFD,428963840.0,G
PAHC,1029341824.0,G
PBIP,159139952.0,G
PDLB,252401408.0,G
PEBK,168204944.0,G
PFBI,251388848.0,G
PFIN,22069546.0,G
PFPT,7244203520.0,G
PHAS,147427280.0,G
PIH,36112000.0,G
PIHPP,35393236.0,G
PNBK,52251168.0,G
PPIH,72697960.0,G
PRCP,58735824.0,G
PRMW,582213760.0,G
PRQR,387536448.0,G
PRTK,116840664.0,G
PRVL,639958144.0,G
PSNL,363407584.0,G
PT,102409224.0,G
PTGX,204864192.0,G
PTI,89987040.0,G
PTSI,312153408.0,G
PTVCA,234973792.0,G
PTVCB,225837648.0,G
PUYI,311223840.0,G
PWFL,214503856.0,G
PXLW,163250032.0,G
QCRH,659240384.0,G
QFIN,1386402560.0,G
QK,585206464.0,G
QTNT,632364480.0,G
QTRX,770967296.0,G
RAPT,987972928.0,G
RARX,2219157504.0,G
RCMT,36405796.0,G
RDHL,202696640.0,G
RDNT,1156251392.0,G
RDUS,883739712.0,G
REDU,378400704.0,G
RETA,6401251840.0,G
RFIL,59691404.0,G
RGCO,206391808.0,G
RILY,737629504.0,G
RILYG,538683968.0,G
RILYH,574419520.0,G
RILYI,,G
RILYN,,G
RILYO,,G
RILYP,,G
RILYZ,535087680.0,G
RIVE,130980344.0,G
RMCF,50625012.0,G
RMNI,343082080.0,G
RMTI,180355632.0,G
RNDB,92260864.0,G
RPD,3020847360.0,G
RTRX,674446848.0,G
RVNC,1228733952.0,G
RYTM,787161088.0,G
SAGE,3574889216.0,G
SALM,38690932.0,G
SAMG,176208256.0,G
SBBX,228555072.0,G
SCYX,88992720.0,G
SECO,331613024.0,G
SELB,254060640.0,G
SESN,103401920.0,G
SFST,304602144.0,G
SGA,182206656.0,G
SGC,199409648.0,G
SIBN,573202880.0,G
SIGA,431315296.0,G
SILK,1378457728.0,G
SITM,368224992.0,G
SLCT,214751968.0,G
SLGL,272009280.0,G
SLVO,,G
SMBC,332736352.0,G
SMMT,90016616.0,G
SMTX,105369376.0,G
SNDE,7006307328.0,G
SNFCA,107993920.0,G
SOHO,90345640.0,G
SOHOB,116110808.0,G
SOHON,116850120.0,G
SOHOO,117714848.0,G
SONA,365866112.0,G
SONM,71455880.0,G
SORL,88223400.0,G
SSBI,79815240.0,G
STAA,1640287616.0,G
STIM,77076360.0,G
STRO,233672816.0,G
STRT,83488168.0,G
STSA,506762304.0,G
SUPN,1257535616.0,G
SURF,74168248.0,G
SY,1322429184.0,G
SYBX,86140976.0,G
SYNC,63485208.0,G
SYNL,118614448.0,G
TACT,79670216.0,G
TATT,48730432.0,G
TBPH,1563233792.0,G
TCMD,1103361792.0,G
TELA,174161984.0,G
TLC,204829952.0,G
TLND,1165148928.0,G
TLSA,68374248.0,G
TMDX,396607744.0,G
TNDM,4465059328.0,G
TOUR,265734016.0,G
TPCO,458934272.0,G
TPIC,735980224.0,G
TRHC,1240149248.0,G
TRNS,234605552.0,G
TRUP,1129499904.0,G
TRVI,95771800.0,G
TSBK,235414416.0,G
TTD,12786575360.0,G
TTGT,735105024.0,G
TTOO,49139196.0,G
TURN,68778736.0,G
TVIX,,G
UBOH,75099744.0,G
UG,78333152.0,G
UGLD,,G
ULBI,112266848.0,G
UNAM,35926496.0,G
UNB,154405680.0,G
UNTY,235274672.0,G
UPLD,1008170496.0,G
URGN,660647616.0,G
USLV,,G
USOI,,G
VBLT,55974512.0,G
VBTX,1440014080.0,G
VCYT,1352483200.0,G
VERI,53155012.0,G
VERO,205448128.0,G
VIIX,,G
VIRC,64896756.0,G
VNDA,720850944.0,G
VRAY,479100192.0,G
VRNA,74477280.0,G
VSTM,140520928.0,G
WINA,719533504.0,G
WKEY,118216664.0,G
WLDN,387476992.0,G
WLFC,358741600.0,G
WSTG,73713088.0,G
WVE,252029296.0,G
WVFC,32421970.0,G
XELB,30143538.0,G
XENE,467588832.0,G
XENT,826950976.0,G
XGN,304039008.0,G
XLRN,4221064448.0,G
XNCR,1918878336.0,G
XOMA,209655040.0,G
YI,585384320.0,G
YJ,1169375872.0,G
ZGNX,2258765056.0,G
ZIONL,,G
ZIONN,,G
ZIONO,,G
ZIONP,,G
ZIV,,G
ZLAB,3648509696.0,G
ZYNE,117845840.0,G
AAON,2815354368.0,Q
AAPL,1430315728896.0,Q
AAWW,602274560.0,Q
AAXN,4757961216.0,Q
ABCB,2853826048.0,Q
ABMD,8546731520.0,Q
ABUS,179071072.0,Q
ACAD,6228770304.0,Q
ACBI,385454752.0,Q
ACGL,17995675648.0,Q
ACGLO,15367311360.0,Q
ACGLP,15623412736.0,Q
ACHC,2880283392.0,Q
ACIA,2835132160.0,Q
ACIW,4043652864.0,Q
ACLS,788805376.0,Q
ACOR,102784632.0,Q
ACRS,56093696.0,Q
ACTG,124703616.0,Q
ADAP,448536352.0,Q
ADBE,172384321536.0,Q
ADI,42016477184.0,Q
ADP,74664198144.0,Q
ADPT,3869854208.0,Q
ADRO,113525440.0,Q
ADSK,44266233856.0,Q
ADTN,454828128.0,Q
ADUS,1541498752.0,Q
ADXS,36405420.0,Q
AEGN,671165760.0,Q
AEIS,2799740160.0,Q
AFIN,1406055552.0,Q
AFINP,1133731200.0,Q
AFYA,2610661888.0,Q
AGFS,118731904.0,Q
AGFSW,,Q
AGIO,3629447680.0,Q
AGNC,10080007168.0,Q
AGNCM,9214430208.0,Q
AGNCN,9063671808.0,Q
AGNCO,,Q
AGYS,839640192.0,Q
AIMC,2217052160.0,Q
AIMT,2047188352.0,Q
AINV,1171204352.0,Q
AKAM,15432894464.0,Q
AKCA,1885500160.0,Q
AKRO,689692608.0,Q
AKRX,182911712.0,Q
ALCO,278894432.0,Q
ALEC,1837505664.0,Q
ALGN,20934703104.0,Q
ALGT,2703385856.0,Q
ALKS,2814130432.0,Q
ALLK,3700539904.0,Q
ALLO,2691596032.0,Q
ALLT,333901440.0,Q
ALNA,59837532.0,Q
ALNY,13103419392.0,Q
ALRM,2218301440.0,Q
ALSK,109203896.0,Q
ALTR,2681469184.0,Q
ALXN,23941474304.0,Q
AMAG,339158016.0,Q
AMAT,55110451200.0,Q
AMBA,1968073344.0,Q
AMBC,992617344.0,Q
AMBCW,,Q
AMCX,2047875328.0,Q
AMD,54881464320.0,Q
AMED,5923685888.0,Q
AMGN,135664091136.0,Q
AMKR,2879793920.0,Q
AMNB,390713248.0,Q
AMPH,940637568.0,Q
AMRB,90096664.0,Q
AMRK,56040656.0,Q
AMRS,292261504.0,Q
AMSC,147709392.0,Q
AMSF,1290996992.0,Q
AMSWA,489524544.0,Q
AMTB,790855360.0,Q
AMTBB,826254400.0,Q
AMTD,26307592192.0,Q
AMWD,1934973440.0,Q
AMZN,925966860288.0,Q
ANAB,386381024.0,Q
ANAT,2995771648.0,Q
ANDE,747518016.0,Q
ANGI,4349219840.0,Q
ANGO,533908672.0,Q
ANIK,651255424.0,Q
ANSS,23944683520.0,Q
AOBC,525832576.0,Q
AOSL,321767040.0,Q
APEI,372093824.0,Q
APLS,3152106496.0,Q
APOG,876881408.0,Q
APRE,715041344.0,Q
APTX,177402960.0,Q
APYX,263436816.0,Q
ARAV,157122400.0,Q
ARAY,382280512.0,Q
ARCB,651191168.0,Q
ARCC,8097461760.0,Q
ARCE,2607039744.0,Q
ARGX,6352712704.0,Q
ARLP,1173338368.0,Q
ARNA,2239536896.0,Q
AROW,531965280.0,Q
ARTNA,362884192.0,Q
ARVN,2028326656.0,Q
ARWR,4446653952.0,Q
ASFI,67713608.0,Q
ASMB,554543552.0,Q
ASML,125757988864.0,Q
ASNA,52753044.0,Q
ASND,6530299392.0,Q
ASPS,291502592.0,Q
ASRT,90362720.0,Q
ASTE,933304128.0,Q
ASYS,94693440.0,Q
ATAX,478036928.0,Q
ATEC,403143104.0,Q
ATLC,219479328.0,Q
ATNI,915417024.0,Q
ATNX,1101959552.0,Q
ATRA,752693312.0,Q
ATRI,1322289792.0,Q
ATRO,850865344.0,Q
ATSG,1256604160.0,Q
ATVI,46333759488.0,Q
AUB,2734440960.0,Q
AUDC,656738688.0,Q
AUTL,466917312.0,Q
AVAV,1603771520.0,Q
AVGO,127231623168.0,Q
AVGOP,,Q
AVID,377111008.0,Q
AVNW,74891080.0,Q
AVRO,679593088.0,Q
AVT,3888581120.0,Q
AXGT,87975960.0,Q
AXNX,1039142208.0,Q
AXTI,176766016.0,Q
AY,2869240576.0,Q
AZPN,9596865536.0,Q
BAND,1720304640.0,Q
BANF,1938445056.0,Q
BANFP,,Q
BANR,1859604224.0,Q
BANX,143704624.0,Q
BATRA,1493348352.0,Q
BATRK,1494979200.0,Q
BBBY,2061846656.0,Q
BBIO,4225029120.0,Q
BBQ,38857640.0,Q
BBSI,626596736.0,Q
BCEL,537104576.0,Q
BCML,291220864.0,Q
BCOM,189714592.0,Q
BCOR,1130587904.0,Q
BCOV,344939136.0,Q
BCPC,3505112320.0,Q
BCRX,456014656.0,Q
BCYC,199438320.0,Q
BDGE,622236544.0,Q
BDSI,534304704.0,Q
BEAT,1783241088.0,Q
BECN,2286191616.0,Q
BELFA,201903408.0,Q
BELFB,218465280.0,Q
BFIN,196633456.0,Q
BFST,333446720.0,Q
BGCP,2050032640.0,Q
BGFV,84736352.0,Q
BGNE,12666714112.0,Q
BHF,4318907392.0,Q
BHFAL,5593860608.0,Q
BHFAP,4600866304.0,Q
BIDU,43939123200.0,Q
BIIB,50678935552.0,Q
BILI,7344290304.0,Q
BJRI,790078144.0,Q
BKCC,344869888.0,Q
BKNG,79483977728.0,Q
BL,3337245184.0,Q
BLDR,3044040448.0,Q
BLKB,3966399232.0,Q
BLMN,1812876800.0,Q
BLU,512575808.0,Q
BLUE,4608242688.0,Q
BMCH,2041873280.0,Q
BMRN,15555523584.0,Q
BMTC,775667648.0,Q
BNTX,7311387648.0,Q
BOKF,5665805824.0,Q
BOKFL,5463294976.0,Q
BOOM,624936256.0,Q
BPFH,968796416.0,Q
BPMC,3303921152.0,Q
BPOP,5435293184.0,Q
BPOPM,,Q
BPOPN,,Q
BPR,1250885248.0,Q
BPRAP,1854165376.0,Q
BPRN,214808352.0,Q
BPY,18128830464.0,Q
BPYPO,,Q
BPYPP,17432774656.0,Q
BREW,320025216.0,Q
BRKL,1216216576.0,Q
BRKR,8000654848.0,Q
BRKS,2839438592.0,Q
BRP,1006718528.0,Q
BRY,565361856.0,Q
BSET,127469160.0,Q
BSRR,416044064.0,Q
BSVN,4252432640.0,Q
BUSE,1446380928.0,Q
BYND,7143923200.0,Q
BZUN,1989558144.0,Q
CABA,445830688.0,Q
CAC,715580864.0,Q
CACC,8628670464.0,Q
CAKE,1748305920.0,Q
CALA,419735008.0,Q
CALM,1768776832.0,Q
CAMP,332023552.0,Q
CAR,2474627328.0,Q
CARE,533524832.0,Q
CARG,4055912192.0,Q
CASA,362919648.0,Q
CASH,1363833344.0,Q
CASS,814196416.0,Q
CASY,6041916416.0,Q
CATM,2047764992.0,Q
CATY,2924431104.0,Q
CBAY,126753344.0,Q
CBMG,329312640.0,Q
CBNK,192859824.0,Q
CBPO,4486188032.0,Q
CBRL,3769901824.0,Q
CBSH,7665343488.0,Q
CBSHP,6365803520.0,Q
CBTX,778674176.0,Q
CCB,209202816.0,Q
CCBG,473407648.0,Q
CCD,535829472.0,Q
CCLP,99330928.0,Q
CCMP,4483849216.0,Q
CCNE,457440000.0,Q
CCOI,3446374144.0,Q
CCRN,387946048.0,Q
CCXI,2370075136.0,Q
CDK,6567025152.0,Q
CDNS,20648837120.0,Q
CDW,19448659968.0,Q
CDXS,963207872.0,Q
CECE,258688768.0,Q
CENT,1710316160.0,Q
CENTA,1707290112.0,Q
CENX,468025856.0,Q
CERN,22947926016.0,Q
CETV,1133623296.0,Q
CEVA,643512256.0,Q
CFB,697946368.0,Q
CFFI,189456256.0,Q
CFFN,1923039360.0,Q
CFMS,71460480.0,Q
CG,11703139328.0,Q
CGBD,818995264.0,Q
CGNX,9358318592.0,Q
CGO,114911968.0,Q
CHCO,1245480448.0,Q
CHDN,5798130688.0,Q
CHEF,1112325760.0,Q
CHI,796546944.0,Q
CHKP,17806546944.0,Q
CHMA,199577904.0,Q
CHMG,196440016.0,Q
CHNG,1999792640.0,Q
CHNGU,,Q
CHRW,9886775296.0,Q
CHSCL,,Q
CHSCM,,Q
CHSCN,,Q
CHSCO,,Q
CHSCP,,Q
CHTR,105188507648.0,Q
CHUY,420349376.0,Q
CHW,511812832.0,Q
CHY,860345536.0,Q
CIGI,3241782784.0,Q
CIH,270975040.0,Q
CINF,17291503616.0,Q
CLAR,403242592.0,Q
CLBK,1914547072.0,Q
CLMT,348246176.0,Q
CLNE,497476928.0,Q
CLVS,642084160.0,Q
CMCO,849670592.0,Q
CMCSA,197278236672.0,Q
CME,76800991232.0,Q
CMFNL,124685872.0,Q
CMPR,3001549056.0,Q
CMTL,737303616.0,Q
CNBKA,494708800.0,Q
CNDT,979935808.0,Q
CNMD,3050174976.0,Q
CNOB,974204864.0,Q
CNSL,360732384.0,Q
CNST,1442346240.0,Q
CNXN,1357921024.0,Q
COHR,3648673024.0,Q
COHU,984154176.0,Q
COKE,1968183680.0,Q
COLB,2864528384.0,Q
COLL,673559424.0,Q
COLM,6387283968.0,Q
COMM,2438683136.0,Q
CONE,6933255168.0,Q
CONN,262868176.0,Q
CORE,1119132800.0,Q
COST,137449078784.0,Q
COUP,10591844352.0,Q
COWN,470468512.0,Q
COWNL,,Q
COWNZ,809480256.0,Q
CPIX,74552944.0,Q
CPLP,234951952.0,Q
CPRT,23492427776.0,Q
CPSI,375257984.0,Q
CPTA,139757184.0,Q
CPTAL,131261968.0,Q
CPZ,,Q
CRAI,428144160.0,Q
CREE,5551373312.0,Q
CRESY,433948160.0,Q
CRMT,743438528.0,Q
CRNC,873559168.0,Q
CRNT,172494720.0,Q
CRNX,541610624.0,Q
CROX,2799325952.0,Q
CRTO,1002176832.0,Q
CRTX,1429895680.0,Q
CRUS,4722202624.0,Q
CRVL,1724900864.0,Q
CRWD,12528995328.0,Q
CSCO,200871002112.0,Q
CSFL,2904036864.0,Q
CSGP,24170491904.0,Q
CSGS,1686366592.0,Q
CSII,1728329728.0,Q
CSIQ,1216622208.0,Q
CSOD,3636972288.0,Q
CSQ,2146230016.0,Q
CSTE,470182400.0,Q
CSTR,276144928.0,Q
CSWC,381933952.0,Q
CSWCL,415555552.0,Q
CSWI,1215926912.0,Q
CSX,60827316224.0,Q
CTAS,29186713600.0,Q
CTBI,788489344.0,Q
CTG,88184160.0,Q
CTMX,351660704.0,Q
CTRE,2100349312.0,Q
CTRN,273777344.0,Q
CTSH,34680094720.0,Q
CTXS,16182438912.0,Q
CUTR,411134656.0,Q
CVBF,2927535872.0,Q
CVCO,2025311104.0,Q
CVET,1462644480.0,Q
CVGI,163277232.0,Q
CVGW,1372202880.0,Q
CVLT,2128094208.0,Q
CVTI,256989648.0,Q
CWCO,264034928.0,Q
CWST,2443520256.0,Q
CY,8656983040.0,Q
CYBR,5318548480.0,Q
CYCN,96965216.0,Q
CYOU,586221120.0,Q
CYTK,759171712.0,Q
CZR,9396442112.0,Q
DAKT,271787936.0,Q
DBVT,1063449664.0,Q
DBX,7102023680.0,Q
DCOM,694654912.0,Q
DCPH,3311217920.0,Q
DDOG,13201414144.0,Q
DERM,1025808448.0,Q
DGICA,391420000.0,Q
DGICB,385878688.0,Q
DGII,467951264.0,Q
DHC,1886539136.0,Q
DHCNI,,Q
DHCNL,,Q
DHIL,485491616.0,Q
DIOD,2748611584.0,Q
DISCA,15176768512.0,Q
DISCB,14283375616.0,Q
DISCK,15169947648.0,Q
DISH,19209093120.0,Q
DLTH,285405120.0,Q
DLTR,20533979136.0,Q
DMLP,592331008.0,Q
DMRC,404158560.0,Q
DNKN,6496962560.0,Q
DNLI,2712903680.0,Q
DOCU,13827008512.0,Q
DOOO,4505593856.0,Q
DORM,2451806720.0,Q
DOX,9957027840.0,Q
DOYU,2616469504.0,Q
DRNA,1352880896.0,Q
DRTT,239029840.0,Q
DSGX,3892066304.0,Q
DSPG,347821984.0,Q
DTIL,454998368.0,Q
DWSN,56748300.0,Q
DXCM,21932998656.0,Q
DXLG,58907860.0,Q
DXPE,639703936.0,Q
EA,32660772864.0,Q
EBAY,28387954688.0,Q
EBAYL,28418719744.0,Q
EBIX,1115825408.0,Q
EBSB,987903360.0,Q
EBTC,388571072.0,Q
ECHO,579195648.0,Q
ECOL,1213765120.0,Q
ECOR,37483288.0,Q
ECPG,1085815680.0,Q
EDIT,1433916032.0,Q
EEFT,8877848576.0,Q
EFSC,1187533824.0,Q
EGLE,254213984.0,Q
EGOV,1507373184.0,Q
EHTH,2814515712.0,Q
EIDX,1986569856.0,Q
EIGI,671998912.0,Q
ELGX,25926336.0,Q
EMMS,50550640.0,Q
ENDP,1342513920.0,Q
ENSG,2476122112.0,Q
ENTA,1055867648.0,Q
ENTG,7242734080.0,Q
EPAY,2500543488.0,Q
EPZM,2153225472.0,Q
EQBK,422095456.0,Q
EQIX,51452170240.0,Q
ERI,4751716352.0,Q
ERIC,26880643072.0,Q
ERIE,7826281472.0,Q
ERII,567139520.0,Q
ERYP,121545832.0,Q
ESGR,4327008256.0,Q
ESGRO,3928137216.0,Q
ESGRP,4044264192.0,Q
ESLT,6868584960.0,Q
ESSA,196116000.0,Q
ETFC,9879964672.0,Q
ETSY,5981324800.0,Q
EVLO,231338624.0,Q
EWBC,7003834368.0,Q
EXC,46564020224.0,Q
EXEL,5419093504.0,Q
EXFO,223751584.0,Q
EXLS,2530160128.0,Q
EXPD,12564806656.0,Q
EXPE,15892545536.0,Q
EXPO,3814866432.0,Q
EXTR,777907264.0,Q
EYE,2831633408.0,Q
EZPW,349594080.0,Q
FANG,12541984768.0,Q
FANH,1717475840.0,Q
FARM,205732240.0,Q
FARO,890393728.0,Q
FAST,20789211136.0,Q
FB,635018215424.0,Q
FBIZ,227075440.0,Q
FBNC,1058963712.0,Q
FCBC,522752864.0,Q
FCFS,3691776768.0,Q
FCNCA,5565846016.0,Q
FDEF,595032640.0,Q
FDUS,362445280.0,Q
FDUSG,,Q
FDUSL,,Q
FDUSZ,,Q
FELE,2766426368.0,Q
FEYE,3525324800.0,Q
FFBC,2435190016.0,Q
FFIC,554415296.0,Q
FFIN,4857094144.0,Q
FFIV,7687931392.0,Q
FFNW,155743072.0,Q
FGEN,3678464000.0,Q
FHB,3829767424.0,Q
FIBK,2501570560.0,Q
FISI,484428544.0,Q
FISV,81988534272.0,Q
FITB,20317532160.0,Q
FITBI,20405622784.0,Q
FITBO,,Q
FITBP,,Q
FIVE,6615065600.0,Q
FIXX,678991552.0,Q
FIZZ,2097645056.0,Q
FLDM,284520448.0,Q
FLEX,6613087232.0,Q
FLIR,7131573248.0,Q
FLWS,975315072.0,Q
FLXS,136518864.0,Q
FMBI,2230232320.0,Q
FNKO,769428928.0,Q
FNLC,319364128.0,Q
FOCS,1969697792.0,Q
FORM,1988636544.0,Q
FORR,798883840.0,Q
FORTY,1109282816.0,Q
FOSL,370538528.0,Q
FOX,22713597952.0,Q
FOXA,22734901248.0,Q
FOXF,2697471232.0,Q
FPRX,192149232.0,Q
FRAN,23195344.0,Q
FREQ,692660224.0,Q
FRGI,291799360.0,Q
FRME,2215602688.0,Q
FRPH,493688544.0,Q
FRTA,884785280.0,Q
FSLR,5391568384.0,Q
FSTR,191591136.0,Q
FSV,4205235968.0,Q
FTDR,3674387200.0,Q
FTEO,112788816.0,Q
FTNT,20111888384.0,Q
FTSV,1877438976.0,Q
FULT,2750651392.0,Q
FUNC,170498272.0,Q
FUND,201821648.0,Q
FWONA,10815132672.0,Q
FWONK,10827527168.0,Q
FWRD,1915702784.0,Q
GABC,935559040.0,Q
GAIN,439066592.0,Q
GAINL,370916320.0,Q
GAINM,372922688.0,Q
GARS,97018624.0,Q
GASS,124943824.0,Q
GBCI,3956463616.0,Q
GBDC,2441570560.0,Q
GBLI,449587904.0,Q
GBLIL,479396192.0,Q
GBLIZ,398926848.0,Q
GBT,4154762240.0,Q
GEC,81255360.0,Q
GEOS,201712048.0,Q
GERN,269700320.0,Q
GH,7557077504.0,Q
GIFI,75552840.0,Q
GIII,1365415168.0,Q
GILD,81412145152.0,Q
GILT,526692352.0,Q
GLAD,308721376.0,Q
GLADD,,Q
GLADL,,Q
GLDD,690336000.0,Q
GLIBA,7482209280.0,Q
GLIBP,6811090432.0,Q
GLNG,1083910016.0,Q
GLPG,14939453440.0,Q
GLPI,10014354432.0,Q
GLRE,347004672.0,Q
GLUU,949795776.0,Q
GMAB,14911619072.0,Q
GMLP,530600800.0,Q
GMLPP,,Q
GNFT,704317696.0,Q
GNTX,7789007872.0,Q
GNTY,357969408.0,Q
GO,2978790912.0,Q
GOGL,668153600.0,Q
GOGO,479578432.0,Q
GOOD,722056192.0,Q
GOODM,669784512.0,Q
GOODN,,Q
GOOG,1007275212800.0,Q
GOOGL,1008193830912.0,Q
GOSS,838567168.0,Q
GPOR,254735840.0,Q
GPRE,451840032.0,Q
GPRO,657290304.0,Q
GRFS,20347107328.0,Q
GRIN,112022272.0,Q
GRMN,19187097600.0,Q
GRPN,1620786560.0,Q
GRTS,343381472.0,Q
GSBC,827143808.0,Q
GSHD,1898814720.0,Q
GSIT,188179392.0,Q
GSKY,1628357376.0,Q
GSUM,42830220.0,Q
GT,3225662720.0,Q
GTHX,810257088.0,Q
GTLS,2343760640.0,Q
HA,1287328640.0,Q
HAFC,532044288.0,Q
HAIN,2563486464.0,Q
HALO,2655397376.0,Q
HARP,341118656.0,Q
HAS,14333255680.0,Q
HAYN,347056128.0,Q
HBAN,13836299264.0,Q
HBANN,28700225536.0,Q
HBANO,13684187136.0,Q
HBCP,346259296.0,Q
HBNC,785172672.0,Q
HBT,522237856.0,Q
HCAT,1242478720.0,Q
HCCI,673324352.0,Q
HCKT,479063136.0,Q
HCM,3521079040.0,Q
HCSG,1950812032.0,Q
HDS,6596791296.0,Q
HEES,1021055552.0,Q
HELE,4758583296.0,Q
HFWA,946593408.0,Q
HHR,1112249984.0,Q
HIBB,446014112.0,Q
HIMX,648986624.0,Q
HLIO,1417960320.0,Q
HLIT,698803904.0,Q
HLNE,3398771200.0,Q
HMHC,718011520.0,Q
HMST,774060096.0,Q
HMSY,2458363648.0,Q
HOFT,293000384.0,Q
HOLI,957629120.0,Q
HOLX,14545474560.0,Q
HOMB,3209335040.0,Q
HONE,648276416.0,Q
HOOK,327388544.0,Q
HOPE,1771916160.0,Q
HQY,5057946624.0,Q
HRZN,186206640.0,Q
HSIC,10417072128.0,Q
HSII,572619840.0,Q
HSON,38506928.0,Q
HSTM,828239488.0,Q
HTBI,471293920.0,Q
HTBK,685702720.0,Q
HTHT,10046476288.0,Q
HTLD,1579714816.0,Q
HTLF,1855402368.0,Q
HUBG,1834286208.0,Q
HURC,215361008.0,Q
HURN,1544578944.0,Q
HWBK,142784464.0,Q
HWC,3557484800.0,Q
HWCC,67073956.0,Q
HWCPL,2166750720.0,Q
HWKN,446736864.0,Q
HZNP,6804682240.0,Q
IAC,21476751360.0,Q
IART,4750519808.0,Q
IBCP,490885728.0,Q
IBKC,3890247680.0,Q
IBKCN,4189185024.0,Q
IBKCO,4169164544.0,Q
IBKCP,4149956096.0,Q
IBKR,20100579328.0,Q
IBOC,2648232960.0,Q
IBTX,2293169920.0,Q
ICFI,1702686720.0,Q
ICHR,788892608.0,Q
ICLR,9311593472.0,Q
ICMB,96581656.0,Q
ICON,17470568.0,Q
ICPT,3087741696.0,Q
ICUI,3851849472.0,Q
IDCC,1789519104.0,Q
IDXX,24251598848.0,Q
IDYA,173220976.0,Q
IEP,13320793088.0,Q
IFRX,91368552.0,Q
IGMS,1122194304.0,Q
IHRT,1155596288.0,Q
IIIN,446463040.0,Q
IIIV,890380992.0,Q
IIVI,3252401408.0,Q
ILMN,46344687616.0,Q
ILPT,1503732608.0,Q
IMGN,736499456.0,Q
IMKTA,876033792.0,Q
IMMR,241011408.0,Q
IMOS,808027264.0,Q
INAP,29682526.0,Q
INBK,254260976.0,Q
INBKL,168180640.0,Q
INBKZ,,Q
INCY,16228008960.0,Q
INDB,2513755904.0,Q
INFI,82692056.0,Q
INFN,1355064320.0,Q
INGN,1016330688.0,Q
INMD,1536171520.0,Q
INO,408040800.0,Q
INOV,3183309824.0,Q
INSG,588889792.0,Q
INSM,1874430720.0,Q
INTC,284655747072.0,Q
INTL,933451968.0,Q
INTU,74752368640.0,Q
INVA,1430565888.0,Q
INWK,234596256.0,Q
IONS,8593102848.0,Q
IOSP,2569864960.0,Q
IPAR,2231154944.0,Q
IPGP,6988257280.0,Q
IPHA,561140032.0,Q
IPHS,629317952.0,Q
IPLDP,340754848.0,Q
IQ,16460185600.0,Q
IRBT,1484483968.0,Q
IRCP,556059456.0,Q
IRDM,3312745472.0,Q
IRTC,2350934528.0,Q
IRWD,1935918208.0,Q
ISBC,2927156224.0,Q
ISEE,332306624.0,Q
ISRG,66644594688.0,Q
ISSC,96994960.0,Q
ITCI,1294587904.0,Q
ITIC,305020192.0,Q
ITRI,3357378560.0,Q
ITRN,522660928.0,Q
IVAC,160997760.0,Q
JACK,1980500224.0,Q
JAZZ,8330046976.0,Q
JBHT,12073231360.0,Q
JBLU,5678148608.0,Q
JBSS,950973120.0,Q
JCOM,4862816768.0,Q
JD,57435394048.0,Q
JJSF,3177822976.0,Q
JKHY,11556691968.0,Q
JNCE,232599504.0,Q
JOBS,5093737984.0,Q
JOUT,764831680.0,Q
JRJC,14407956.0,Q
JRVR,1346351104.0,Q
JSM,6832809472.0,Q
KALA,238530448.0,Q
KALU,1655582208.0,Q
KBAL,735196480.0,Q
KCAPL,935053184.0,Q
KE,425868160.0,Q
KELYA,741186624.0,Q
KELYB,739018304.0,Q
KFRC,868184256.0,Q
KHC,36353933312.0,Q
KIRK,17649824.0,Q
KLAC,27325976576.0,Q
KLDO,269209696.0,Q
KLIC,1811195776.0,Q
KLXE,98279856.0,Q
KMDA,269281248.0,Q
KNDI,218323712.0,Q
KNSA,828707648.0,Q
KNSL,2496376576.0,Q
KPTI,1042314048.0,Q
KRNT,1674093056.0,Q
KRNY,1115054976.0,Q
KTOS,1995750656.0,Q
KURA,542643520.0,Q
KVHI,199062592.0,Q
KZR,55103996.0,Q
LAMR,9520859136.0,Q
LANC,4351012864.0,Q
LASR,719310848.0,Q
LAUR,4610653696.0,Q
LAWS,456148000.0,Q
LBAI,835243584.0,Q
LBC,624223232.0,Q
LBRDA,23032242176.0,Q
LBRDK,23061217280.0,Q
LBTYA,12542167040.0,Q
LBTYB,13201500160.0,Q
LBTYK,12568379392.0,Q
LCUT,136098784.0,Q
LECO,5707008512.0,Q
LEGH,366581248.0,Q
LEVL,194644176.0,Q
LFUS,4429502464.0,Q
LGIH,1869277440.0,Q
LHCG,4671805952.0,Q
LILA,3120443136.0,Q
LILAK,3151356416.0,Q
LINC,63079248.0,Q
LITE,6028934144.0,Q
LIVN,3304544256.0,Q
LK,9903464448.0,Q
LKFN,1245918336.0,Q
LKQ,10315511808.0,Q
LLNW,624563264.0,Q
LMNR,356980416.0,Q
LMNX,1046555648.0,Q
LNDC,331874944.0,Q
LNT,14168750080.0,Q
LOB,722351296.0,Q
LOCO,487312736.0,Q
LOGI,7766572032.0,Q
LOGM,4189278976.0,Q
LOPE,3980982272.0,Q
LORL,1024803712.0,Q
LPLA,7650663936.0,Q
LPSN,2830639104.0,Q
LQDT,188406160.0,Q
LRCX,43577380864.0,Q
LSCC,2794033408.0,Q
LSTR,4446284800.0,Q
LSXMA,15468593152.0,Q
LSXMB,15541854208.0,Q
LSXMK,15419086848.0,Q
LTRPA,472756096.0,Q
LTRPB,478415872.0,Q
LULU,31631718400.0,Q
LVGO,2371838464.0,Q
LXRX,338690240.0,Q
LYFT,13866680320.0,Q
LYTS,173343168.0,Q
MANH,5513720832.0,Q
MANT,3289982464.0,Q
MAR,46614675456.0,Q
MASI,9200736256.0,Q
MAT,5041235968.0,Q
MATW,1201086976.0,Q
MBWM,547777088.0,Q
MCBC,368520544.0,Q
MCBS,453698464.0,Q
MCHP,24676868096.0,Q
MCHX,146545344.0,Q
MCRB,232857920.0,Q
MCRI,938742016.0,Q
MDCA,173097936.0,Q
MDLZ,78844542976.0,Q
MDRX,1472659584.0,Q
MEDP,3211749888.0,Q
MELI,33327572992.0,Q
MEOH,2782343936.0,Q
MERC,768522624.0,Q
MESA,280083040.0,Q
MESO,1076545920.0,Q
METC,129367176.0,Q
MFIN,160912416.0,Q
MFINL,157205456.0,Q
MGEE,2736130560.0,Q
MGI,142152320.0,Q
MGIC,515590144.0,Q
MGLN,1801635584.0,Q
MGNX,482340672.0,Q
MGPI,592965568.0,Q
MGRC,1940196352.0,Q
MGTX,660484864.0,Q
MIDD,6461817344.0,Q
MIK,842281600.0,Q
MIME,3124056576.0,Q
MIND,37961776.0,Q
MINDP,46182256.0,Q
MINI,1865682176.0,Q
MIST,544590400.0,Q
MKSI,5993145856.0,Q
MKTX,13338251264.0,Q
MLAB,1162542720.0,Q
MLCO,9278905344.0,Q
MLHR,2371906816.0,Q
MLNX,6585548800.0,Q
MMLP,109594784.0,Q
MMSI,1968485120.0,Q
MMYT,2443430144.0,Q
MNLO,130370680.0,Q
MNRO,2347786240.0,Q
MNST,35863388160.0,Q
MNTA,2858478336.0,Q
MOBL,554553408.0,Q
MOFG,536674688.0,Q
MOMO,6357135360.0,Q
MOR,4066312192.0,Q
MORN,6746403840.0,Q
MPAA,397050624.0,Q
MPWR,7574479360.0,Q
MRBK,129057808.0,Q
MRCC,225364912.0,Q
MRCCL,,Q
MRCY,4044131840.0,Q
MRLN,256582512.0,Q
MRNA,7108221952.0,Q
MRSN,343211872.0,Q
MRTN,1109535232.0,Q
MRTX,3452065536.0,Q
MRVL,16925115392.0,Q
MSBI,652509824.0,Q
MSEX,1154163072.0,Q
MSFT,1283928752128.0,Q
MSTR,1597767680.0,Q
MTCH,22897573888.0,Q
MTEX,36526444.0,Q
MTLS,993500800.0,Q
MTRX,550568512.0,Q
MTSC,984604992.0,Q
MTSI,2034222080.0,Q
MU,61942112256.0,Q
MXIM,16815642624.0,Q
MYFW,133473480.0,Q
MYGN,2172158976.0,Q
MYL,11396216832.0,Q
MYOK,3230728192.0,Q
MYRG,510179040.0,Q
NATH,294310752.0,Q
NATI,5760128000.0,Q
NAVI,3237900032.0,Q
NBIX,9536282624.0,Q
NBL,9898376192.0,Q
NBLX,2012345088.0,Q
NBRV,135241232.0,Q
NBTB,1702143488.0,Q
NCMI,578554368.0,Q
NCNA,177485952.0,Q
NCSM,80055856.0,Q
NDAQ,18709258240.0,Q
NDLS,302462016.0,Q
NDSN,9944963072.0,Q
NEOG,3578722048.0,Q
NFBK,798636608.0,Q
NFE,2502972928.0,Q
NFLX,149255143424.0,Q
NGM,1159123456.0,Q
NH,130774280.0,Q
NICE,10920239104.0,Q
NICK,70310872.0,Q
NK,699390784.0,Q
NKTR,3666214400.0,Q
NLOK,17157428224.0,Q
NMCI,57079100.0,Q
NMRK,2146453760.0,Q
NNBR,382491360.0,Q
NOVT,3317630720.0,Q
NRC,1737920768.0,Q
NRIM,248688000.0,Q
NSIT,2367087872.0,Q
NTAP,12782938112.0,Q
NTCT,1846253440.0,Q
NTES,42500968448.0,Q
NTGN,41505776.0,Q
NTGR,790568896.0,Q
NTNX,6286542336.0,Q
NTRA,2856161024.0,Q
NTRS,21066317824.0,Q
NTRSO,,Q
NTUS,1098327680.0,Q
NUAN,5549938176.0,Q
NUVA,4067626496.0,Q
NVAX,223897728.0,Q
NVCR,8685475840.0,Q
NVDA,150703898624.0,Q
NVMI,1069850560.0,Q
NWBI,1654199424.0,Q
NWL,8480702464.0,Q
NWLI,974471552.0,Q
NWPX,326523840.0,Q
NWS,7970587648.0,Q
NWSA,7968839168.0,Q
NXGN,930001856.0,Q
NXPI,37253959680.0,Q
NXST,5682454528.0,Q
NXTC,1191013248.0,Q
NYMT,1835604608.0,Q
NYMTM,,Q
NYMTN,1374971264.0,Q
NYMTO,1320114048.0,Q
NYMTP,1337490048.0,Q
OBNK,834041600.0,Q
OBSV,167751696.0,Q
OCFC,1443277568.0,Q
OCSI,242812320.0,Q
OCSL,780923904.0,Q
OCSLL,,Q
ODFL,16348651520.0,Q
ODP,1292434560.0,Q
ODT,974007168.0,Q
OFIX,850624128.0,Q
OFS,151848096.0,Q
OFSSI,,Q
OFSSL,337272000.0,Q
OFSSZ,,Q
OGI,449309824.0,Q
OIIM,42137996.0,Q
OKTA,15849847808.0,Q
OLED,8909085696.0,Q
OMAB,3462424832.0,Q
OMCL,3556770048.0,Q
OMP,519293664.0,Q
ON,9857327104.0,Q
ONB,3057328384.0,Q
OPB,963500224.0,Q
OPI,1681795712.0,Q
OPINI,1317919872.0,Q
OPK,1018369536.0,Q
OPRA,906967552.0,Q
OPRT,573775488.0,Q
OPTN,401493888.0,Q
ORBC,320190560.0,Q
ORLY,32383143936.0,Q
ORTX,1302986240.0,Q
OSBC,373490976.0,Q
OSBCP,,Q
OSIS,1716976896.0,Q
OSMT,408083808.0,Q
OSUR,458627136.0,Q
OTEX,12679666688.0,Q
OTIC,96607272.0,Q
OTTR,2115581696.0,Q
OVID,167596480.0,Q
OXLC,544800000.0,Q
OXLCM,478946240.0,Q
OXLCO,472552768.0,Q
OXSQ,284351072.0,Q
OXSQL,1312724736.0,Q
OXSQZ,,Q
OYST,706030592.0,Q
OZK,3590162944.0,Q
PAAS,4626162688.0,Q
PACB,730737344.0,Q
PACW,4256453376.0,Q
PATI,44606204.0,Q
PATK,1270212480.0,Q
PAYX,31530799104.0,Q
PBCT,6929424384.0,Q
PBCTP,6907596288.0,Q
PBPB,97498976.0,Q
PBYI,330064000.0,Q
PCAR,26345220096.0,Q
PCB,243537040.0,Q
PCH,2952686848.0,Q
PCRX,1794424448.0,Q
PCTI,171886272.0,Q
PCTY,7557626880.0,Q
PDCE,2120118016.0,Q
PDCO,2215439360.0,Q
PDD,42937577472.0,Q
PDFS,537013312.0,Q
PDLI,379094208.0,Q
PEBO,700864768.0,Q
PEGA,7016184320.0,Q
PEGI,2642658560.0,Q
PENN,3433343232.0,Q
PEP,198110511104.0,Q
PERI,213138064.0,Q
PETQ,870221440.0,Q
PETS,519476160.0,Q
PFBC,906444800.0,Q
PFG,15208095744.0,Q
PFIS,357454656.0,Q
PFLT,471468736.0,Q
PFMT,61984540.0,Q
PGC,549731136.0,Q
PGNX,411798912.0,Q
PGNY,2609640704.0,Q
PHAT,909994496.0,Q
PI,776150144.0,Q
PICO,201714016.0,Q
PINC,2335132160.0,Q
PKOH,392184640.0,Q
PLAB,896858816.0,Q
PLAY,1402291712.0,Q
PLCE,978910784.0,Q
PLMR,1259101184.0,Q
PLPC,285261920.0,Q
PLUS,1114936704.0,Q
PLXS,2181422336.0,Q
PLYA,932620736.0,Q
PMBC,165710960.0,Q
PNFP,4572584960.0,Q
PNNT,440151072.0,Q
PNNTG,,Q
PNTG,725687616.0,Q
PODD,12160308224.0,Q
POOL,9018091520.0,Q
POWI,2910306816.0,Q
POWL,511900416.0,Q
PPBI,1818803968.0,Q
PPC,6643553792.0,Q
PRAA,1622985600.0,Q
PRAH,6584464384.0,Q
PRDO,1288608256.0,Q
PRFT,1640214656.0,Q
PRGS,2111168512.0,Q
PRGX,94055264.0,Q
PRIM,1070632192.0,Q
PRNB,1677034624.0,Q
PROV,167498176.0,Q
PRSC,833946240.0,Q
PRTA,535212896.0,Q
PRTS,92048640.0,Q
PRVB,785557184.0,Q
PS,2808360960.0,Q
PSEC,2413995520.0,Q
PSMT,1883281024.0,Q
PTC,9614792704.0,Q
PTCT,3203579392.0,Q
PTEN,1537854592.0,Q
PTLA,1026435200.0,Q
PTMN,103442736.0,Q
PTNR,832856000.0,Q
PTON,8673864704.0,Q
PVAC,334825440.0,Q
PWOD,225632512.0,Q
PYPL,137133645824.0,Q
PZZA,2117713664.0,Q
QADA,1013386560.0,Q
QADB,1010433024.0,Q
QCOM,100799193088.0,Q
QDEL,3368821760.0,Q
QIWI,1192801280.0,Q
QLYS,3424455424.0,Q
QNST,682835904.0,Q
QQQX,957880640.0,Q
QRTEA,3798935808.0,Q
QRTEB,3775596800.0,Q
QRVO,13111397376.0,Q
QTT,1147308672.0,Q
QURE,2709668096.0,Q
RAIL,19348590.0,Q
RARE,3183176448.0,Q
RAVN,1177235584.0,Q
RBB,399616480.0,Q
RBBN,321784000.0,Q
RBCAA,822817728.0,Q
RCII,1661248512.0,Q
RCKY,205466672.0,Q
RCM,1473452672.0,Q
RDFN,2300999424.0,Q
RDWR,1197924096.0,Q
REAL,1302310400.0,Q
RECN,503632224.0,Q
REG,10638639104.0,Q
REGI,1009564992.0,Q
REGN,37544742912.0,Q
RELL,59685752.0,Q
REPL,602389760.0,Q
RGEN,5337068032.0,Q
RGLD,7420083712.0,Q
RGNX,1651231104.0,Q
RIGL,407292320.0,Q
RMBS,1839634560.0,Q
RNET,87545800.0,Q
RNST,1842102144.0,Q
RNWK,53368000.0,Q
ROAD,896600192.0,Q
ROCK,1822261120.0,Q
ROIC,1983531648.0,Q
ROKU,15280456704.0,Q
ROLL,4104781056.0,Q
ROST,41129672704.0,Q
RP,5563228672.0,Q
RRBI,400600064.0,Q
RRGB,438785216.0,Q
RRR,2939268352.0,Q
RTIX,307807712.0,Q
RTLR,2433300480.0,Q
RUBY,651973312.0,Q
RUHN,691493184.0,Q
RUN,2004034560.0,Q
RUSHA,1601238016.0,Q
RUSHB,1602759808.0,Q
RUTH,557791296.0,Q
RVSB,167883200.0,Q
RYAAY,18156609536.0,Q
SABR,6030695936.0,Q
SAFM,3105224960.0,Q
SAFT,1445895168.0,Q
SAIA,2400765952.0,Q
SANM,2344378880.0,Q
SASR,1223614336.0,Q
SATS,3998105600.0,Q
SBAC,28104083456.0,Q
SBBP,172374768.0,Q
SBCF,1444959232.0,Q
SBGI,2808802560.0,Q
SBLK,844409152.0,Q
SBLKZ,1651973760.0,Q
SBNY,7811186176.0,Q
SBRA,4561236480.0,Q
SBSI,1214164480.0,Q
SBUX,101668397056.0,Q
SCHL,1161044736.0,Q
SCHN,468218464.0,Q
SCOR,299038752.0,Q
SCPH,108819640.0,Q
SCPL,1440706432.0,Q
SCSC,884348480.0,Q
SCVL,533668064.0,Q
SCWX,1282605952.0,Q
SDC,5052429824.0,Q
SEAC,180877616.0,Q
SEDG,5027794432.0,Q
SEIC,9589338112.0,Q
SENEA,365280928.0,Q
SENEB,397656800.0,Q
SFBS,2015178752.0,Q
SFIX,2266477568.0,Q
SFM,1849465984.0,Q
SFNC,2806636288.0,Q
SG,1026915008.0,Q
SGEN,19198658560.0,Q
SGH,773079296.0,Q
SGMO,864677184.0,Q
SGMS,2397052928.0,Q
SGRY,899021888.0,Q
SHBI,206687536.0,Q
SHEN,2090508160.0,Q
SHLO,83536576.0,Q
SHOO,3434513408.0,Q
SIEN,321382976.0,Q
SIGI,3926148864.0,Q
SILC,264681184.0,Q
SIMO,1742665856.0,Q
SINA,2815845120.0,Q
SIRI,31253581824.0,Q
SIVB,12819629056.0,Q
SIVBP,,Q
SKYW,3094865664.0,Q
SLAB,4539449856.0,Q
SLDB,161416480.0,Q
SLGN,3406116096.0,Q
SLM,4758430208.0,Q
SLMBP,3852410880.0,Q
SLRC,873530752.0,Q
SMCI,1439451520.0,Q
SMMF,334926272.0,Q
SMTC,3376579072.0,Q
SNBR,1484742144.0,Q
SNCR,259570384.0,Q
SND,83669760.0,Q
SNDL,270508064.0,Q
SNDX,183741184.0,Q
SNPS,22795515904.0,Q
SNY,122528448512.0,Q
SOHU,427982944.0,Q
SONO,1524551424.0,Q
SP,952049344.0,Q
SPAR,603921664.0,Q
SPFI,387415424.0,Q
SPI,28043712.0,Q
SPKE,330688224.0,Q
SPKEP,396345856.0,Q
SPLK,24359235584.0,Q
SPNE,281139968.0,Q
SPOK,205890048.0,Q
SPPI,299943296.0,Q
SPRO,189750752.0,Q
SPSC,2008137216.0,Q
SPTN,450706496.0,Q
SPWH,283588800.0,Q
SPWR,1484342144.0,Q
SRCE,1235680128.0,Q
SRCL,5810301952.0,Q
SRDX,548827392.0,Q
SREV,173870800.0,Q
SRPT,8982444032.0,Q
SRRK,333555552.0,Q
SSB,2616362496.0,Q
SSNC,16330185728.0,Q
SSP,1047844032.0,Q
SSRM,2188654848.0,Q
SSYS,1034845504.0,Q
STAY,2468056576.0,Q
STBA,1503854208.0,Q
STFC,1331720960.0,Q
STKL,237154512.0,Q
STLD,6575595008.0,Q
STMP,1376310912.0,Q
STNE,12079333376.0,Q
STOK,786497088.0,Q
STRA,3667632128.0,Q
STRL,377771104.0,Q
STRS,247886352.0,Q
STX,15541983232.0,Q
STXB,394643264.0,Q
SUNS,286549408.0,Q
SVA,460249280.0,Q
SVC,3756196096.0,Q
SVMK,2437950208.0,Q
SVRA,124455408.0,Q
SVVC,48277228.0,Q
SWAV,1266288000.0,Q
SWIR,358400672.0,Q
SWKS,20267163648.0,Q
SWTX,1555745664.0,Q
SYBT,902100160.0,Q
SYKE,1444378752.0,Q
SYNA,2310535680.0,Q
SYNH,6537072128.0,Q
SYRS,310245184.0,Q
TA,145511904.0,Q
TANNI,1016589248.0,Q
TANNL,1011051328.0,Q
TANNZ,1004619520.0,Q
TAST,254312976.0,Q
TBBK,662722816.0,Q
TBIO,468172384.0,Q
TBK,984619584.0,Q
TBNK,286175808.0,Q
TCBI,2732330240.0,Q
TCBIL,2981259008.0,Q
TCBIP,3002017280.0,Q
TCBK,1140253312.0,Q
TCDA,1686974976.0,Q
TCF,3012267776.0,Q
TCFCP,,Q
TCOM,19511908352.0,Q
TCPC,835361536.0,Q
TCRD,194070768.0,Q
TCRR,363994944.0,Q
TEAM,36733267968.0,Q
TECD,5108132864.0,Q
TECH,8377824256.0,Q
TENB,2682485248.0,Q
TER,11740514304.0,Q
TERP,4013002496.0,Q
TESS,67014360.0,Q
TFSL,5532508160.0,Q
TGA,90477072.0,Q
THFF,581722432.0,Q
THRM,1557531520.0,Q
TIGO,4713263616.0,Q
TIGR,504590592.0,Q
TILE,960697152.0,Q
TITN,283937696.0,Q
TIVO,982548160.0,Q
TLRY,1894436608.0,Q
TMUS,68822450176.0,Q
TNAV,226318016.0,Q
TORC,49566940.0,Q
TOWN,1968348928.0,Q
TPTX,2110460032.0,Q
TREE,4010708224.0,Q
TRIB,22155694.0,Q
TRIP,3988701952.0,Q
TRMB,10877190144.0,Q
TRMD,663026560.0,Q
TRMK,2098095616.0,Q
TROW,31875878912.0,Q
TRS,1339630976.0,Q
TRST,775860608.0,Q
TRUE,386943488.0,Q
TRVG,984737216.0,Q
TSC,707838144.0,Q
TSCAP,568043840.0,Q
TSCBP,636382784.0,Q
TSCO,11269164032.0,Q
TSEM,2538877696.0,Q
TSG,7079569408.0,Q
TSLA,104205041664.0,Q
TTEC,1886197888.0,Q
TTEK,4944994816.0,Q
TTMI,1562366208.0,Q
TTPH,8075919.0,Q
TTWO,14181977088.0,Q
TUES,64447652.0,Q
TUSK,63480312.0,Q
TVTY,1084666624.0,Q
TW,9869485056.0,Q
TWIN,131854312.0,Q
TWOU,1258746880.0,Q
TWST,868041344.0,Q
TXG,9849731072.0,Q
TXMD,682010176.0,Q
TXN,118041853952.0,Q
TXRH,4408878592.0,Q
TZOO,133023816.0,Q
UAL,19317377024.0,Q
UBFO,172080048.0,Q
UBSI,3556929024.0,Q
UBX,288973280.0,Q
UCBI,2242408704.0,Q
UCFC,537803840.0,Q
UCTT,947377984.0,Q
UEIC,750729984.0,Q
UEPS,238152960.0,Q
UFCS,1119417600.0,Q
UFPI,3033903616.0,Q
UHAL,7305866240.0,Q
ULH,484122656.0,Q
ULTA,15637045248.0,Q
UMBF,3333360384.0,Q
UMPQ,3809036544.0,Q
UNIT,1277554432.0,Q
UPWK,1036194240.0,Q
URBN,2620839168.0,Q
UROV,410489952.0,Q
USAK,62667020.0,Q
USAP,119178048.0,Q
USCR,619013376.0,Q
USLM,533213152.0,Q
UTHR,4177719296.0,Q
UTMD,394029408.0,Q
UTSI,98657152.0,Q
UVSP,736591808.0,Q
UXIN,666381184.0,Q
VC,2407952128.0,Q
VCTR,1441937280.0,Q
VECO,675350464.0,Q
VEON,4652685824.0,Q
VG,2127838976.0,Q
VIAC,21621307392.0,Q
VIACA,21540792320.0,Q
VIAV,3419275264.0,Q
VICR,2171316480.0,Q
VIE,2191813632.0,Q
VIOT,525451328.0,Q
VIR,2512745984.0,Q
VIRT,3015472896.0,Q
VIVO,448187712.0,Q
VLGEA,227520480.0,Q
VLY,4408141824.0,Q
VLYPO,3504672512.0,Q
VLYPP,3575897088.0,Q
VNET,1092460032.0,Q
VNOM,3499766528.0,Q
VOD,54465138688.0,Q
VOXX,106178680.0,Q
VRA,333396192.0,Q
VREX,1153866624.0,Q
VRNS,2575322112.0,Q
VRNT,3922114304.0,Q
VRSK,27090989056.0,Q
VRSN,24816740352.0,Q
VRTS,876809984.0,Q
VRTSP,787328128.0,Q
VRTU,1276116608.0,Q
VRTX,59723087872.0,Q
VSAT,4157252352.0,Q
VSEC,359709600.0,Q
VVUS,24053566.0,Q
VYGR,427825888.0,Q
WABC,1753711616.0,Q
WAFD,2708782080.0,Q
WASH,825199296.0,Q
WB,9901540352.0,Q
WBA,46727450624.0,Q
WDAY,42738601984.0,Q
WDC,19993051136.0,Q
WDFC,2580423168.0,Q
WEN,4996793856.0,Q
WERN,2646387968.0,Q
WETF,610763136.0,Q
WEYS,233649408.0,Q
WHF,287234688.0,Q
WHFBZ,,Q
WIFI,552449088.0,Q
WING,2836362496.0,Q
WIRE,1177849088.0,Q
WIX,7319325184.0,Q
WLTW,27512049664.0,Q
WMGI,3832410368.0,Q
WNEB,241711488.0,Q
WPRT,350228480.0,Q
WRLD,701803008.0,Q
WSBC,2245680128.0,Q
WSBF,481884096.0,Q
WSFS,2113731456.0,Q
WSG,375889280.0,Q
WTBA,390985824.0,Q
WTFC,3718526208.0,Q
WTFCM,4243744512.0,Q
WTRE,463143648.0,Q
WTREP,,Q
WW,2210168320.0,Q
WWD,7327357952.0,Q
WYNN,13367843840.0,Q
XBIT,943223360.0,Q
XEL,35231006720.0,Q
XERS,162308032.0,Q
XLNX,22310303744.0,Q
XNET,307287072.0,Q
XOG,204520560.0,Q
XON,855712640.0,Q
XONE,118177200.0,Q
XP,22066483200.0,Q
XPER,850454208.0,Q
XRAY,13202495488.0,Q
YIN,414100288.0,Q
YMAB,1403008384.0,Q
YNDX,15211588608.0,Q
YORW,632350016.0,Q
YRCW,83197656.0,Q
YY,5000566784.0,Q
Z,9832589312.0,Q
ZAGG,243016864.0,Q
ZBRA,13501404160.0,Q
ZEAL,1300851200.0,Q
ZEUS,163835920.0,Q
ZFGN,43615576.0,Q
ZG,9880654848.0,Q
ZION,7752727040.0,Q
ZIONW,,Q
ZIXI,383801792.0,Q
ZM,20433127424.0,Q
ZNGA,5727557632.0,Q
ZS,7335775232.0,Q
ZUMZ,843496768.0,Q
ZVO,49185176.0,Q
ABIO,8955645.0,S
ACAM,384258816.0,S
ACAMU,310731968.0,S
ACAMW,,S
ACER,40582704.0,S
ACHV,14933556.0,S
ACNB,280274400.0,S
ACST,66455892.0,S
ACTT,379500000.0,S
ACTTU,387574048.0,S
ACTTW,,S
ADIL,19398592.0,S
ADILW,,S
AEHR,48351912.0,S
AEMD,23321794.0,S
AESE,57708488.0,S
AEYE,42888872.0,S
AEZS,23723696.0,S
AGBA,60945000.0,S
AGBAR,,S
AGBAU,,S
AGBAW,,S
AGEN,515103712.0,S
AGMH,326349504.0,S
AGRX,268032000.0,S
AHCO,934088960.0,S
AHPI,10354933.0,S
AIRG,92218280.0,S
AKER,5112189.0,S
AKTS,283518720.0,S
AKTX,38656008.0,S
ALAC,152920816.0,S
ALACR,550000.0,S
ALACU,42137124.0,S
ALACW,,S
ALBO,302956000.0,S
ALDX,158213408.0,S
ALRS,367926048.0,S
ALYA,153930736.0,S
AMCI,280665088.0,S
AMCIU,69546984.0,S
AMCIW,,S
AMEH,636090240.0,S
AMHC,,S
AMHCU,,S
AMHCW,,S
AMRH,4495234.0,S
AMRHW,,S
ANCN,9979725.0,S
ANDA,34831824.0,S
ANDAR,833750.0,S
ANDAU,35988296.0,S
ANDAW,,S
ANIX,78493840.0,S
ANTE,12380894.0,S
APDN,13174812.0,S
APOP,305244.0,S
APOPW,,S
APPS,593702592.0,S
APTO,498738880.0,S
APXT,448050816.0,S
APXTU,,S
APXTW,,S
AQB,45587180.0,S
ARDS,64168056.0,S
ARTL,7231813.0,S
ARTLW,861138.0,S
ARTW,8551718.0,S
ASTC,11297898.0,S
ASUR,132980136.0,S
ATEX,796035072.0,S
ATHE,11483316.0,S
ATHX,211479856.0,S
ATIF,83788824.0,S
ATLO,249014256.0,S
ATOM,76340480.0,S
ATOS,13605160.0,S
ATRS,621891072.0,S
ATXI,158283296.0,S
AUTO,30500576.0,S
AVCO,131841720.0,S
AVGR,6599400.0,S
AVXL,167246832.0,S
AXDX,893445760.0,S
AXGN,509143648.0,S
AYTU,16501474.0,S
AZRX,26872860.0,S
BASI,53919892.0,S
BBCP,297123456.0,S
BBI,11794127.0,S
BCDA,34535412.0,S
BCDAW,,S
BCLI,93816976.0,S
BCOW,58276324.0,S
BCTF,51347520.0,S
BFC,452941472.0,S
BFRA,233979648.0,S
BHTG,36215128.0,S
BIMI,25406120.0,S
BIOS,3100955392.0,S
BKSC,105125304.0,S
BLFS,308828224.0,S
BLIN,4225705.0,S
BLNK,51452472.0,S
BLNKW,,S
BLRX,28314750.0,S
BMRA,29996006.0,S
BMRC,607231296.0,S
BNGO,28873774.0,S
BNGOW,,S
BNSO,10655752.0,S
BNTC,6847068.0,S
BNTCW,,S
BOMN,473430816.0,S
BOSC,9113148.0,S
BOTJ,65721092.0,S
BOXL,13866625.0,S
BPTH,25141566.0,S
BROG,272610240.0,S
BROGW,,S
BRPAR,,S
BRPAU,29413368.0,S
BRPAW,,S
BSBK,65346900.0,S
BSGM,115378024.0,S
BTAI,320121248.0,S
BVSN,15587941.0,S
BVXV,117486784.0,S
BVXVW,,S
BWB,387666784.0,S
BWEN,26014944.0,S
BWMC,257550000.0,S
BWMCU,256366640.0,S
BWMCW,,S
BXRX,80977144.0,S
BYFC,43752448.0,S
BYSI,391410304.0,S
CAAS,88085976.0,S
CAPR,7643840.0,S
CARO,851297024.0,S
CARV,10521776.0,S
CASI,286149088.0,S
CATC,392103168.0,S
CATS,283192288.0,S
CBAT,37470392.0,S
CBIO,85277760.0,S
CBMB,59755840.0,S
CCRC,180913152.0,S
CDEV,913255168.0,S
CDMO,381690624.0,S
CDMOP,219393472.0,S
CDXC,257809280.0,S
CELC,119644344.0,S
CELH,385701664.0,S
CEMI,70346992.0,S
CERC,209712096.0,S
CETX,6004888.0,S
CETXW,,S
CFBI,90618616.0,S
CFBK,74782360.0,S
CFFA,372162272.0,S
CFFAU,380748960.0,S
CFFAW,,S
CGIX,9029097.0,S
CHCI,17846796.0,S
CHEK,17937350.0,S
CHEKW,,S
CHEKZ,,S
CHNR,32135060.0,S
CHPM,,S
CHPMU,,S
CHPMW,,S
CIICU,,S
CIVB,348361632.0,S
CJJD,61921184.0,S
CKPT,69177656.0,S
CLBS,31146600.0,S
CLDB,86047600.0,S
CLDX,39608612.0,S
CLGN,59038852.0,S
CLRB,25745150.0,S
CLRBZ,,S
CLRO,31295044.0,S
CLSK,22874272.0,S
CLSN,33451026.0,S
CLWT,7829575.0,S
CNET,25910810.0,S
CNNB,19487460.0,S
CNSP,68103824.0,S
CNTY,244898208.0,S
CODA,70296608.0,S
CODX,49071916.0,S
COOP,1141322624.0,S
CORT,1499366656.0,S
CORV,16913156.0,S
CPAA,607500032.0,S
CPAAU,,S
CPAAW,,S
CPRX,448460576.0,S
CPSH,13339474.0,S
CPST,21794202.0,S
CPTAG,126787072.0,S
CREX,15619731.0,S
CREXW,,S
CRSA,314756256.0,S
CRSAU,317780448.0,S
CRSAW,5397812.0,S
CRWS,64553464.0,S
CSBR,93775008.0,S
CTAC,316794016.0,S
CTACU,83325064.0,S
CTACW,,S
CTHR,43762668.0,S
CTIC,73632944.0,S
CTRC,126602064.0,S
CTRM,4910803.0,S
CTSO,158827984.0,S
CTXRW,,S
CUBA,40635496.0,S
CUE,374114016.0,S
CUI,30747950.0,S
CVCY,256871232.0,S
CVV,27985420.0,S
CWBR,102950520.0,S
CYAN,14261200.0,S
CYCCP,11256703.0,S
CYRN,72962864.0,S
CYRX,648146688.0,S
CYRXW,,S
CZNC,364294240.0,S
DAIO,33420746.0,S
DDMX,73965568.0,S
DDMXU,,S
DDMXW,,S
DEAC,727500032.0,S
DEACU,,S
DEACW,,S
DENN,1221333888.0,S
DJCO,395584864.0,S
DLHC,57494000.0,S
DLPNW,,S
DMAC,48507876.0,S
DMTK,167141280.0,S
DPHC,351400000.0,S
DPHCU,360869920.0,S
DPHCW,,S
DRIO,18600608.0,S
DRIOW,,S
DRRX,405883808.0,S
DSKE,187954288.0,S
DSKEW,,S
DTSS,37908276.0,S
DVAX,427292672.0,S
DYAI,151286336.0,S
EARS,4685441.0,S
EAST,31443848.0,S
ECOLW,,S
EDNT,14698657.0,S
EDRY,14363496.0,S
EDSA,30209736.0,S
EGAN,221405568.0,S
EGBN,1466448768.0,S
ELSE,12631334.0,S
ELTK,17521000.0,S
EMCF,85819792.0,S
ENG,26675702.0,S
ENLV,87323144.0,S
ENOB,213785408.0,S
ENTX,38285100.0,S
ENTXW,,S
EPIX,116336360.0,S
ESBK,53569796.0,S
ESEA,18881022.0,S
ESQ,180897296.0,S
ESTA,559715584.0,S
ESXB,204718336.0,S
EVFM,245288576.0,S
EVOK,36105532.0,S
EVSI,35983848.0,S
EVSIW,4818780.0,S
EXAS,13470255104.0,S
EXPC,343750016.0,S
EXPCU,,S
EXPCW,,S
EYEG,27700670.0,S
EYEGW,,S
EYEN,76012616.0,S
EYES,77532000.0,S
EYESW,,S
FAMI,11586365.0,S
FAT,55716072.0,S
FBIO,173411232.0,S
FBIOP,109709072.0,S
FBSS,80163304.0,S
FCAP,227045024.0,S
FCBP,298157920.0,S
FCCO,154083008.0,S
FENC,123884608.0,S
FFBW,83186784.0,S
FFHL,8980482.0,S
FLIC,549925056.0,S
FLL,84778432.0,S
FLMN,491638016.0,S
FLMNW,,S
FMAO,332996288.0,S
FMNB,433290272.0,S
FNCB,160355472.0,S
FNJN,55832596.0,S
FONR,138077312.0,S
FORD,10487235.0,S
FORK,39489752.0,S
FPAY,42259320.0,S
FPAYW,,S
FRAF,161426416.0,S
FRHC,889453184.0,S
FRSX,36412448.0,S
FSBC,33379354.0,S
FSBW,260158928.0,S
FSEA,58401604.0,S
FSFG,150826880.0,S
FSRV,,S
FSRVU,,S
FSRVW,,S
FTAC,454389760.0,S
FTACU,477826944.0,S
FTACW,,S
FUSB,68817864.0,S
FUV,31292604.0,S
FVCB,225631072.0,S
FVE,153670896.0,S
FWP,45771272.0,S
FXNC,100557984.0,S
GALT,154161328.0,S
GCBC,252421648.0,S
GENE,27745352.0,S
GEVO,29011392.0,S
GGAL,2863524096.0,S
GHIVU,,S
GIGM,25530582.0,S
GLBS,3720419.0,S
GLBZ,32173780.0,S
GLG,19464144.0,S
GLMD,121886056.0,S
GMHI,530000032.0,S
GMHIU,533726592.0,S
GMHIW,,S
GNCA,55437360.0,S
GNSS,122233120.0,S
GRBK,612166976.0,S
GRNV,70868744.0,S
GRNVR,,S
GRNVU,,S
GRNVW,,S
GROW,19972128.0,S
GRSH,525000000.0,S
GRSHU,537797952.0,S
GRSHW,,S
GRWG,184874992.0,S
GTEC,55817564.0,S
GTIM,20065960.0,S
GTYH,315333888.0,S
GVP,32303360.0,S
GWGH,309652256.0,S
GXGX,360812512.0,S
GXGXU,,S
GXGXW,,S
GYRO,27444408.0,S
HAPP,109250000.0,S
HBMD,340534848.0,S
HBP,38021280.0,S
HCAC,384191488.0,S
HCACU,394660640.0,S
HCACW,594170240.0,S
HCCH,72069536.0,S
HCCHR,,S
HCCHU,20001500.0,S
HCCHW,,S
HCCO,,S
HCCOU,,S
HCCOW,,S
HEBT,98105688.0,S
HEPA,20204496.0,S
HFBL,65346676.0,S
HFFG,892202688.0,S
HHHH,76066496.0,S
HHHHR,,S
HHHHU,25565950.0,S
HHHHW,,S
HIHO,6843366.0,S
HJLIW,,S
HNNA,76389232.0,S
HNRG,53843220.0,S
HOTH,48167396.0,S
HQI,93019592.0,S
HROW,167148048.0,S
HRTX,2059703040.0,S
HSDT,27581198.0,S
HSKA,807495360.0,S
HUGE,236445136.0,S
HVBC,38911976.0,S
HYAC,419739360.0,S
HYACU,,S
HYACW,,S
HYRE,48506112.0,S
ICAD,167969984.0,S
ICCC,37151788.0,S
ICCH,45285640.0,S
IDRA,51302660.0,S
IEA,79441424.0,S
IEAWW,,S
IKNX,10968743.0,S
IMAC,9719053.0,S
IMACW,,S
IMBI,32257638.0,S
IMRN,15553199.0,S
IMRNW,,S
IMTE,27052894.0,S
IMUX,85994496.0,S
IMV,241931104.0,S
IMVT,899899072.0,S
IMVTU,,S
IMVTW,,S
IMXI,412762528.0,S
INMB,53419356.0,S
INSE,141015856.0,S
INSU,207772208.0,S
INSUU,158659392.0,S
INSUW,,S
INTG,84641656.0,S
INVE,103718720.0,S
IOTS,243292816.0,S
IPWR,5028750.0,S
IRMD,298255040.0,S
IROQ,76876232.0,S
ISNS,30262506.0,S
ITI,211427008.0,S
ITMR,147534160.0,S
JAN,6002651.0,S
JCTCF,26804932.0,S
JFK,75240576.0,S
JFKKR,,S
JFKKU,77315432.0,S
JFKKW,,S
JMU,11247264.0,S
JRSH,70738216.0,S
JVA,21891444.0,S
JYNT,238653264.0,S
KBLM,86174720.0,S
KBLMR,,S
KBLMU,44174460.0,S
KBLMW,,S
KBSF,5312165.0,S
KERN,108588776.0,S
KERNW,,S
KGJI,15428980.0,S
KIN,357296320.0,S
KINS,84123784.0,S
KOSS,11527839.0,S
KRMD,240566576.0,S
KTOVW,,S
KXIN,72396416.0,S
KZIA,25674094.0,S
LACQ,260250000.0,S
LACQU,63445356.0,S
LACQW,,S
LATN,248250000.0,S
LATNU,,S
LATNW,,S
LAZY,36004344.0,S
LCA,394126080.0,S
LCAHU,392590944.0,S
LCAHW,,S
LCNB,228500624.0,S
LE,403687584.0,S
LFAC,201824480.0,S
LFACU,200383088.0,S
LFACW,,S
LFVN,233873680.0,S
LIFE,21461344.0,S
LIND,869430016.0,S
LIQT,134176488.0,S
LIVK,,S
LIVKU,,S
LIVKW,,S
LIVX,77773872.0,S
LJPC,186026816.0,S
LKCO,1111636.0,S
LMB,31678514.0,S
LMPX,406046208.0,S
LMST,127087328.0,S
LOAC,55335000.0,S
LOACR,253000.0,S
LOACU,18750390.0,S
LOACW,,S
LOAN,61095064.0,S
LQDA,155703648.0,S
LTBR,13496643.0,S
LTRX,114651392.0,S
LUNA,247146144.0,S
LYL,12106683.0,S
MARA,7762359.0,S
MARPS,3843072.0,S
MAYS,58961564.0,S
MBCN,161808656.0,S
MBII,169256800.0,S
MBIN,515891040.0,S
MBINO,,S
MBINP,531039648.0,S
MBNKP,,S
MBOT,68982048.0,S
MBRX,39751088.0,S
MCMJ,,S
MCMJW,,S
MDGL,1260334208.0,S
MDGS,6772929.0,S
MDGSW,,S
MDIA,45779232.0,S
MDJH,32710648.0,S
MDRR,18074746.0,S
MEET,395835872.0,S
MEIP,227987200.0,S
MFNC,168533328.0,S
MICT,12854143.0,S
MITK,368872032.0,S
MKD,479368704.0,S
MKGI,20228364.0,S
MLND,140493536.0,S
MNCL,227434496.0,S
MNCLU,55706508.0,S
MNCLW,,S
MNPR,199695168.0,S
MNSB,188263856.0,S
MNTX,109450400.0,S
MOGO,71565976.0,S
MOSY,4201704.0,S
MOTS,58801312.0,S
MOXC,28792296.0,S
MRIC,79782544.0,S
MSVB,47189656.0,S
MTC,39463800.0,S
MTEM,599003008.0,S
MUDS,269620000.0,S
MUDSU,277804992.0,S
MUDSW,,S
MVBF,248546880.0,S
MWK,91584640.0,S
NAKD,8240665.0,S
NATR,193508992.0,S
NBEV,134945344.0,S
NBSE,114588760.0,S
NCBS,746883968.0,S
NCTY,30416160.0,S
NDRA,12303548.0,S
NDRAW,,S
NEBU,360591008.0,S
NEBUU,376393504.0,S
NEBUW,,S
NEO,3391399424.0,S
NEON,21670590.0,S
NEPH,74777184.0,S
NEPT,243654176.0,S
NESR,610691392.0,S
NESRW,,S
NETE,13409109.0,S
NEWA,41059600.0,S
NEXT,605110016.0,S
NFIN,260589200.0,S
NFINU,,S
NFINW,,S
NHLD,37631880.0,S
NHLDW,,S
NHTC,46892260.0,S
NKSH,268798272.0,S
NMRD,60099172.0,S
NNDM,10245889.0,S
NODK,339423648.0,S
NPA,286354080.0,S
NPAUU,,S
NPAWW,,S
NRBO,5270251.0,S
NSYS,13098944.0,S
NTRP,17059804.0,S
NTWK,50339568.0,S
NURO,3410888.0,S
NUROW,,S
NVEC,362336160.0,S
NVEE,807206144.0,S
NVFY,13395741.0,S
NWGI,41340468.0,S
NYMX,223899856.0,S
OAS,710097344.0,S
OBCI,34278344.0,S
OCCI,50598200.0,S
OCCIP,46635740.0,S
OESX,143177520.0,S
OFED,149841728.0,S
OMEX,37722440.0,S
ONCS,21421400.0,S
ONCT,60010080.0,S
ONCY,66489088.0,S
ONTXW,,S
OPGN,7898926.0,S
OPGNW,,S
OPHC,8331256.0,S
OPNT,51563140.0,S
OPOF,147631472.0,S
OPRX,168275456.0,S
OPTT,6331699.0,S
ORGO,485517216.0,S
ORGS,83067536.0,S
ORMP,93464120.0,S
ORRF,241357840.0,S
ORSN,57543236.0,S
ORSNR,,S
ORSNU,,S
ORSNW,,S
OSN,19131416.0,S
OSPN,689454016.0,S
OSS,43837944.0,S
OSW,920443136.0,S
OTEL,30357706.0,S
OTLK,36372400.0,S
OTLKW,,S
OTTW,45057592.0,S
OVLY,156002160.0,S
OXBRW,,S
PAAC,145827360.0,S
PAACR,,S
PAACU,,S
PAACW,,S
PACQ,502267104.0,S
PACQU,533649664.0,S
PACQW,,S
PANL,132684480.0,S
PAVM,58688248.0,S
PAVMW,,S
PAVMZ,,S
PAYS,462464640.0,S
PBBI,112899552.0,S
PBFS,387067712.0,S
PBHC,65712588.0,S
PBTS,33441562.0,S
PCOM,222064368.0,S
PCSB,352136544.0,S
PCYG,98696128.0,S
PCYO,316788416.0,S
PDEX,64557576.0,S
PECK,23335030.0,S
PESI,103011832.0,S
PETZ,17273046.0,S
PFIE,67785040.0,S
PFSW,84142288.0,S
PHCF,23360428.0,S
PHUN,3503277056.0,S
PHUNW,,S
PIRS,203410096.0,S
PKBK,234269248.0,S
PLBC,131991296.0,S
PLIN,81747800.0,S
PLL,65516840.0,S
PLSE,299972288.0,S
PLUG,1180379520.0,S
PLXP,47132028.0,S
PMD,53514220.0,S
PME,84588968.0,S
PNRG,299363136.0,S
PNRL,14104916.0,S
POAI,9891001.0,S
POLA,30835328.0,S
POPE,542102976.0,S
PPHI,41216700.0,S
PPSI,19197288.0,S
PROF,168573456.0,S
PRPH,21989840.0,S
PRPL,667202752.0,S
PRPO,14488734.0,S
PRTH,195788336.0,S
PSTI,58132920.0,S
PSTV,8560370.0,S
PSTVZ,,S
PTAC,,S
PTACU,,S
PTACW,,S
PTE,88369160.0,S
PUB,516085984.0,S
PULM,35190496.0,S
PVBC,230891328.0,S
PXS,21784884.0,S
QBAK,10599924.0,S
QRHC,37914996.0,S
QUIK,49121396.0,S
QUMU,33902500.0,S
RADA,261385232.0,S
RAND,39129652.0,S
RAVE,24211040.0,S
RBCN,24499418.0,S
RBKB,123022968.0,S
RBNC,259044016.0,S
RCEL,901648384.0,S
RCON,10925534.0,S
RDCM,126797120.0,S
RDI,250517824.0,S
RDIB,243117536.0,S
RDVT,244219232.0,S
REED,43787584.0,S
REFR,113790504.0,S
REKR,97447992.0,S
RELV,6968335.0,S
REPH,377095680.0,S
RESN,80845472.0,S
RETO,25718800.0,S
REXN,8440194.0,S
RGLS,22910384.0,S
RIBT,49974500.0,S
RIOT,32738774.0,S
RKDA,42279672.0,S
RLMD,663782400.0,S
RMBI,206415920.0,S
RMR,1432614784.0,S
ROSE,48688420.0,S
ROSEU,,S
ROSEW,,S
RPAY,660460864.0,S
RWLK,14756403.0,S
SAL,126423344.0,S
SANW,74602080.0,S
SAQN,,S
SAQNU,,S
SAQNW,,S
SAVA,144135872.0,S
SBFG,151014080.0,S
SBPH,21419190.0,S
SBT,386563872.0,S
SCKT,9877824.0,S
SEED,21277690.0,S
SEEL,31458472.0,S
SELF,39536212.0,S
SFBC,94643336.0,S
SFET,3501337.0,S
SGMA,17139740.0,S
SGOC,65621812.0,S
SHIPW,,S
SHIPZ,178235.0,S
SHSP,144300160.0,S
SIC,206468464.0,S
SIEB,227201760.0,S
SIFY,218555680.0,S
SINT,3675598.0,S
SKYS,33353908.0,S
SLGG,23995776.0,S
SLNO,143612000.0,S
SLP,588756928.0,S
SLRX,12002134.0,S
SLS,14458905.0,S
SMBK,311082944.0,S
SMED,70399616.0,S
SMIT,14922301.0,S
SMMC,317897600.0,S
SMMCU,315999776.0,S
SMMCW,,S
SMPL,2228904192.0,S
SMSI,194807248.0,S
SNCA,10330093.0,S
SNGX,55143512.0,S
SNGXW,,S
SNOA,9449916.0,S
SOLO,78170528.0,S
SOLOW,,S
SOLY,204202336.0,S
SONG,250295408.0,S
SONGW,,S
SPEX,5670986.0,S
SPNS,1309600128.0,S
SPRT,22278554.0,S
SPT,960561024.0,S
SRAC,,S
SRACU,,S
SRACW,,S
SRAX,29814676.0,S
SRNE,634276416.0,S
SRTS,73113056.0,S
SRTSW,,S
SSKN,64161436.0,S
SSNT,13886418.0,S
SSPK,250000000.0,S
SSPKU,,S
SSPKW,,S
SSSS,132333960.0,S
SSTI,326058304.0,S
STAF,7985738.0,S
STKS,125308824.0,S
STML,332607904.0,S
STND,143701584.0,S
STRM,35049072.0,S
SUNW,5228467.0,S
SVBI,106319680.0,S
SWKH,176578704.0,S
TACO,287949984.0,S
TACOW,,S
TAIT,16107980.0,S
TANH,42414204.0,S
TARA,106116784.0,S
TAYD,43107288.0,S
TBLTW,,S
TC,101975144.0,S
TCCO,8234279.0,S
TCFC,195318896.0,S
TCX,650877504.0,S
TDAC,278845728.0,S
TDACU,73526248.0,S
TDACW,,S
TECTP,40557116.0,S
TELL,1729365120.0,S
TENX,9371185.0,S
TFFP,97144512.0,S
TGEN,51798280.0,S
TGLS,357783264.0,S
TGTX,1447164800.0,S
TH,564282112.0,S
THBR,343275008.0,S
THBRU,,S
THBRW,,S
THCA,218116000.0,S
THCAU,,S
THCAW,,S
THCB,355579744.0,S
THCBU,80644200.0,S
THCBW,,S
THMO,16009468.0,S
THTX,219390992.0,S
THWWW,,S
TIBR,227484384.0,S
TIBRU,63588768.0,S
TIBRW,,S
TIPT,248850720.0,S
TKKS,322362496.0,S
TKKSR,1994100.0,S
TKKSU,65895820.0,S
TKKSW,,S
TMSR,28819314.0,S
TRIL,124765632.0,S
TRMT,47297944.0,S
TRNX,26361556.0,S
TROV,12852301.0,S
TSRI,7338104.0,S
TWMC,7301566.0,S
TWNK,1784551424.0,S
TWNKW,,S
TYME,164299648.0,S
TZAC,86783128.0,S
TZACU,26408646.0,S
TZACW,,S
UBCP,79885088.0,S
UFPT,348206880.0,S
UIHC,450503488.0,S
UONE,89882096.0,S
UONEK,86290776.0,S
USEG,6542030.0,S
USIO,30939628.0,S
USWS,99811736.0,S
USWSW,,S
VALU,294549344.0,S
VBFC,58846904.0,S
VBIV,263820352.0,S
VCEL,747738944.0,S
VCNX,111468752.0,S
VERB,32200748.0,S
VERBW,4806528.0,S
VERU,232189584.0,S
VERY,187425008.0,S
VFF,287264992.0,S
VIVE,3537471.0,S
VKTX,463931712.0,S
VKTXW,,S
VLRX,5414642.0,S
VMD,211687280.0,S
VRRM,2557540352.0,S
VTGN,33277388.0,S
VTNR,69260752.0,S
VTSI,32141876.0,S
VTVT,152055568.0,S
VUZI,64600772.0,S
VVPR,15367313.0,S
WAFU,8499198.0,S
WATT,52920168.0,S
WEBK,107159136.0,S
WHLM,23213838.0,S
WHLR,16859504.0,S
WHLRD,14139995.0,S
WHLRP,11699178.0,S
WILC,164419472.0,S
WKHS,196898576.0,S
WORX,18032654.0,S
WRLSR,,S
WRLSU,95559720.0,S
WRLSW,,S
WRTC,210649904.0,S
WSC,2247938048.0,S
WSTL,16017264.0,S
WTER,62907268.0,S
WVVI,34255256.0,S
WVVIP,34646640.0,S
WWR,6068954.0,S
XAIR,89511760.0,S
XBIO,9035570.0,S
XBIOW,,S
XCUR,219716720.0,S
XFOR,146214336.0,S
XPEL,452984736.0,S
XTLB,7298445.0,S
YAYO,36784752.0,S
YGYI,46313712.0,S
YGYIP,,S
YTRA,165588992.0,S
ZIOP,767567168.0,S
ZKIN,26362160.0,S
ZSAN,23736502.0,S
ZYXI,335617792.0,S
ACT,,ETF
ACWI,,ETF
ACWX,,ETF
ADRA,,ETF
ADRD,34177500.0,ETF
ADRE,144591024.0,ETF
ADRU,11731500.0,ETF
AGND,,ETF
AGZD,,ETF
AIA,,ETF
AIQ,,ETF
AIRR,,ETF
ALTY,,ETF
AMCA,,ETF
ANGL,,ETF
ASET,,ETF
BBH,,ETF
BFIT,,ETF
BGRN,,ETF
BIB,,ETF
BICK,,ETF
BIS,,ETF
BJK,,ETF
BLCN,,ETF
BND,,ETF
BNDW,,ETF
BNDX,,ETF
BOTZ,,ETF
BSAE,,ETF
BSBE,,ETF
BSCE,,ETF
BSCK,,ETF
BSCL,,ETF
BSCM,,ETF
BSCN,,ETF
BSCO,,ETF
BSCP,,ETF
BSCQ,,ETF
BSCR,,ETF
BSCS,,ETF
BSCT,,ETF
BSDE,,ETF
BSJK,,ETF
BSJL,,ETF
BSJM,,ETF
BSJN,,ETF
BSJO,,ETF
BSJP,,ETF
BSJQ,,ETF
BSJR,,ETF
BSML,,ETF
BSMM,,ETF
BSMN,,ETF
BSMO,,ETF
BSMP,,ETF
BSMQ,,ETF
BSMR,,ETF
BSMS,,ETF
BSMT,,ETF
BTEC,,ETF
BUG,,ETF
CACG,,ETF
CARZ,,ETF
CATH,,ETF
CDC,,ETF
CDL,,ETF
CEY,,ETF
CEZ,,ETF
CFA,,ETF
CFO,,ETF
CHNA,,ETF
CIBR,,ETF
CID,,ETF
CIL,,ETF
CIZ,,ETF
CLOU,,ETF
CLRG,,ETF
CNCR,,ETF
COMT,,ETF
CSA,,ETF
CSB,9183017984.0,ETF
CSF,,ETF
CSML,,ETF
CXSE,,ETF
DALI,,ETF
DAX,,ETF
DDIV,,ETF
DFNL,,ETF
DGRE,,ETF
DGRS,,ETF
DGRW,,ETF
DINT,,ETF
DRIV,,ETF
DUSA,,ETF
DVLU,,ETF
DVOL,,ETF
DVY,18432765952.0,ETF
DWAQ,52840196.0,ETF
DWAS,,ETF
DWAT,,ETF
DWAW,,ETF
DWCR,,ETF
DWEQ,,ETF
DWFI,,ETF
DWIN,,ETF
DWLD,,ETF
DWMC,,ETF
DWPP,,ETF
DWSH,,ETF
DWTR,,ETF
DWUS,,ETF
DXGE,,ETF
DXJS,,ETF
EBIZ,,ETF
ECOW,,ETF
EEMA,525805984.0,ETF
EFAS,,ETF
EMB,,ETF
EMCB,,ETF
EMCG,,ETF
EMIF,,ETF
EMXC,,ETF
ENZL,,ETF
EQRR,,ETF
ESGD,,ETF
ESGE,,ETF
ESGU,,ETF
ESPO,,ETF
EUFN,,ETF
EWJE,,ETF
EWJV,,ETF
EWZS,,ETF
FAAR,,ETF
FAB,,ETF
FAD,,ETF
FALN,,ETF
FBZ,,ETF
FCA,,ETF
FCAL,,ETF
FCAN,,ETF
FCEF,,ETF
FCVT,,ETF
FDIV,,ETF
FDNI,,ETF
FDT,,ETF
FDTS,,ETF
FEM,,ETF
FEMB,,ETF
FEMS,,ETF
FEP,,ETF
FEUZ,,ETF
FEX,,ETF
FGM,,ETF
FHK,,ETF
FID,,ETF
FINX,,ETF
FIXD,,ETF
FJP,,ETF
FKO,,ETF
FKU,,ETF
FLN,,ETF
FMB,,ETF
FMHI,,ETF
FMK,,ETF
FNK,,ETF
FNX,,ETF
FNY,,ETF
FPA,,ETF
FPXE,,ETF
FPXI,,ETF
FSZ,,ETF
FTA,,ETF
FTAG,,ETF
FTC,,ETF
FTCS,,ETF
FTGC,,ETF
FTHI,,ETF
FTLB,,ETF
FTRI,,ETF
FTSL,,ETF
FTSM,,ETF
FTXD,,ETF
FTXG,,ETF
FTXH,,ETF
FTXL,,ETF
FTXN,,ETF
FTXO,,ETF
FTXR,,ETF
FV,,ETF
FVC,,ETF
FYC,,ETF
FYT,,ETF
FYX,,ETF
GENY,,ETF
GIGE,,ETF
GNMA,,ETF
GNOM,,ETF
GRID,,ETF
GULF,,ETF
GXTG,,ETF
HERD,,ETF
HERO,,ETF
HEWG,,ETF
HLAL,,ETF
HNDL,,ETF
HYLS,,ETF
HYND,,ETF
HYXE,,ETF
HYZD,,ETF
IBB,8199507968.0,ETF
IBUY,404765120.0,ETF
ICLN,,ETF
IDLB,,ETF
IEF,16546180096.0,ETF
IEI,,ETF
IEUS,163740000.0,ETF
IFEU,,ETF
IFGL,,ETF
IFV,,ETF
IGF,,ETF
IGIB,,ETF
IGOV,,ETF
IGSB,,ETF
IJT,5890100736.0,ETF
INDY,,ETF
INFR,,ETF
IPKW,,ETF
ISDS,,ETF
ISDX,,ETF
ISEM,,ETF
ISHG,,ETF
ISTB,,ETF
IUS,,ETF
IUSB,,ETF
IUSG,7433167360.0,ETF
IUSS,,ETF
IUSV,6200840192.0,ETF
IXUS,,ETF
JKI,561934976.0,ETF
JSMD,,ETF
JSML,,ETF
KBWB,,ETF
KBWD,,ETF
KBWP,,ETF
KBWR,,ETF
KBWY,,ETF
KRMA,,ETF
LDRI,,ETF
LDSF,,ETF
LEGR,,ETF
LMBS,,ETF
LNGR,,ETF
LRGE,,ETF
LVHD,,ETF
MBB,,ETF
MBSD,,ETF
MCEF,,ETF
MCHI,,ETF
MDIV,,ETF
MILN,,ETF
NFTY,,ETF
NXTG,,ETF
OLD,,ETF
ONEQ,2385372160.0,ETF
ORG,,ETF
PDBC,,ETF
PDEV,,ETF
PDP,,ETF
PEY,868608000.0,ETF
PEZ,,ETF
PFF,15955497984.0,ETF
PFI,,ETF
PFM,322435360.0,ETF
PGJ,219702000.0,ETF
PHO,,ETF
PID,,ETF
PIE,,ETF
PIO,,ETF
PIZ,,ETF
PKW,,ETF
PLC,,ETF
PLW,,ETF
PMOM,,ETF
PNQI,,ETF
POTX,,ETF
PPH,757297280.0,ETF
PRFZ,,ETF
PRN,,ETF
PSC,,ETF
PSCC,,ETF
PSCD,,ETF
PSCE,,ETF
PSCF,,ETF
PSCH,,ETF
PSCI,,ETF
PSCM,,ETF
PSCT,,ETF
PSCU,,ETF
PSET,,ETF
PSL,,ETF
PSM,,ETF
PTF,,ETF
PTH,,ETF
PUI,225545456.0,ETF
PVAL,,ETF
PXI,,ETF
PY,,ETF
PYZ,,ETF
QABA,,ETF
QAT,,ETF
QCLN,,ETF
QQEW,,ETF
QQQ,87405789184.0,ETF
QQXT,,ETF
QTEC,,ETF
QYLD,,ETF
RDVY,,ETF
RFAP,,ETF
RFDI,,ETF
RFEM,,ETF
RFEU,,ETF
RING,271551776.0,ETF
RNDM,,ETF
RNDV,,ETF
RNEM,,ETF
RNLC,,ETF
RNMC,,ETF
RNSC,,ETF
ROBT,,ETF
RTH,,ETF
SCZ,,ETF
SDG,,ETF
SDVY,,ETF
SHV,,ETF
SHY,17788405760.0,ETF
SKOR,,ETF
SKYY,,ETF
SLIM,,ETF
SLQD,,ETF
SMCP,,ETF
SMH,1673607040.0,ETF
SNLN,,ETF
SNSR,,ETF
SOCL,,ETF
SOXX,1934922112.0,ETF
SQLV,,ETF
SQQQ,,ETF
SRET,,ETF
SUSB,,ETF
SUSC,,ETF
SUSL,,ETF
TDIV,,ETF
TLT,15845067776.0,ETF
TQQQ,,ETF
TTTN,,ETF
TUR,440390976.0,ETF
TUSA,17981272.0,ETF
UAE,,ETF
UBIO,,ETF
UFO,,ETF
USIG,,ETF
USLB,,ETF
USMC,,ETF
VALX,,ETF
VCIT,,ETF
VCLT,,ETF
VCSH,,ETF
VETS,,ETF
VGIT,,ETF
VGLT,,ETF
VGSH,,ETF
VIGI,,ETF
VMBS,,ETF
VNQI,,ETF
VONE,,ETF
VONG,,ETF
VONV,,ETF
VRIG,,ETF
VSDA,,ETF
VSMV,,ETF
VTC,,ETF
VTHR,,ETF
VTIP,,ETF
VTWG,,ETF
VTWO,,ETF
VTWV,,ETF
VWOB,,ETF
VXUS,,ETF
VYMI,,ETF
WBND,,ETF
WCLD,,ETF
WINC,,ETF
WOOD,,ETF
XT,,ETF
YLCO,,ETF
YLDE,,ETF
ZBIO,,ETF
